purchase_month,month_label,orders,active_customers,gmv_brl,goods_brl,freight_brl,payment_brl,orders_with_items,aov_brl,canceled_orders,cancel_rate_pct,delivered_orders,late_orders,late_delivery_rate_pct,avg_delivery_days,reviewed_orders,avg_review_score,low_score_rate_pct,avg_items_per_order,avg_installments,low_score_orders,delivery_days_sum,delivery_days_n,delivered_missing_delivery_date,review_score_sum,review_score_n,items_sold,items_n,installments_sum,installments_n,orders_no_primary_payment,owi_no_primary_payment,gmv_no_primary_payment_brl,payment_no_primary_payment_brl
2017-01-01,2017-01,110,103,18491.09,16288.93,2202.16,19340.11,105,176.10561904761906,1,0.9090909090909091,105,8,7.619047619047619,15.086538461538462,107,4.074766355140187,11.214953271028037,1.1428571428571428,3.5454545454545454,12,1569,104,1,436.0,107,120,105,390,110,0,0,0.00,0.00
2017-02-01,2017-02,230,227,38898.97,34108.11,4790.86,39665.45,225,172.88431111111112,4,1.7391304347826086,213,10,4.694835680751174,14.267605633802816,225,4.064444444444445,13.777777777777779,1.1822222222222223,3.4956521739130433,31,3039,213,0,914.5,225,266,225,804,230,0,0,0.00,0.00
2017-03-01,2017-03,340,338,71038.57,63273.67,7764.90,72044.80,333,213.32903903903906,4,1.1764705882352942,319,9,2.8213166144200628,13.141065830721002,337,4.066765578635015,10.682492581602373,1.2732732732732732,3.3264705882352943,36,4192,319,0,1370.5,337,424,333,1131,340,0,0,0.00,0.00
2017-04-01,2017-04,310,308,56684.54,50212.78,6471.76,57850.92,299,189.58040133779264,6,1.935483870967742,292,12,4.109589041095891,12.855670103092784,304,4.161184210526316,10.197368421052632,1.2173913043478262,3.5806451612903225,31,3741,291,1,1265.0,304,364,299,1110,310,0,0,0.00,0.00
2017-05-01,2017-05,460,456,84533.63,74719.46,9814.17,85671.59,448,188.69113839285714,6,1.3043478260869565,440,14,3.1818181818181817,12.831818181818182,455,4.116483516483516,8.571428571428571,1.2254464285714286,3.508695652173913,39,5646,440,0,1873.0,455,549,448,1614,460,0,0,0.00,0.00
2017-06-01,2017-06,410,409,79573.17,70224.56,9348.61,79717.35,403,197.4520347394541,3,0.7317073170731707,395,13,3.2911392405063293,13.729113924050633,400,4.0525,9.25,1.2406947890818858,3.444987775061125,37,5423,395,0,1621.0,400,500,403,1409,409,1,1,559.37,0.00
2017-07-01,2017-07,500,497,100237.28,89657.91,10579.37,100905.00,493,203.32105476673428,5,1.0,481,14,2.9106029106029108,13.36875,493,4.037525354969574,13.59026369168357,1.1926977687626774,3.482,67,6417,480,1,1990.5,493,588,493,1741,500,0,0,0.00,0.00
2017-08-01,2017-08,540,536,100290.23,88406.29,11883.94,100795.61,535,187.4583738317757,4,0.7407407407407407,519,15,2.8901734104046244,13.23938223938224,537,3.9990689013035383,11.54562383612663,1.2299065420560749,3.838888888888889,62,6858,518,1,2147.5,537,658,535,2073,540,0,0,0.00,0.00
2017-09-01,2017-09,530,526,93343.93,82501.80,10842.13,94443.96,521,179.16301343570055,8,1.509433962264151,505,25,4.9504950495049505,13.762376237623762,525,4.107619047619048,10.857142857142858,1.199616122840691,3.449056603773585,57,6950,505,0,2156.5,525,625,521,1828,530,0,0,0.00,0.00
2017-10-01,2017-10,580,579,107663.23,95264.84,12398.39,109044.10,571,188.55206654991244,4,0.6896551724137931,552,20,3.6231884057971016,13.318840579710145,575,4.1869565217391305,8.695652173913043,1.2066549912434326,3.329310344827586,50,7352,552,0,2407.5,575,689,571,1931,580,0,0,0.00,0.00
2017-11-01,2017-11,940,938,177658.01,157747.55,19910.46,178330.06,935,190.00856684491978,2,0.2127659574468085,914,179,19.584245076586434,19.157721796276014,927,3.922869471413161,16.50485436893204,1.2181818181818183,3.3606382978723404,153,17491,913,1,3636.5,927,1139,935,3159,940,0,0,0.00,0.00
2017-12-01,2017-12,700,699,137382.96,122108.76,15274.20,139408.06,682,201.44129032258064,7,1.0,667,21,3.1484257871064467,12.92921686746988,689,4.136429608127721,10.88534107402032,1.2272727272727273,3.388571428571429,75,8585,664,3,2850.0,689,837,682,2372,700,0,0,0.00,0.00
2018-01-01,2018-01,900,898,159067.48,140721.76,18345.72,160942.02,884,179.94058823529414,10,1.1111111111111112,857,28,3.267211201866978,13.078271028037383,887,4.113303269447576,9.695603156708005,1.1459276018099547,3.2066666666666666,86,11195,856,1,3648.5,887,1013,884,2886,900,0,0,0.00,0.00
2018-02-01,2018-02,840,836,147210.01,130583.84,16626.17,148384.78,834,176.51080335731416,6,0.7142857142857143,805,116,14.409937888198758,17.36521739130435,824,4.008495145631068,14.441747572815533,1.1642685851318946,3.592857142857143,119,13979,805,0,3303.0,824,971,834,3018,840,0,0,0.00,0.00
2018-03-01,2018-03,900,897,170778.14,151140.73,19637.41,172866.53,882,193.6260090702948,9,1.0,856,219,25.58411214953271,20.861826697892273,889,3.895950506186727,17.66029246344207,1.2120181405895691,3.5655555555555556,157,17816,854,2,3463.5,889,1069,882,3209,900,0,0,0.00,0.00
2018-04-01,2018-04,870,867,162937.78,144235.88,18701.90,163991.84,859,189.68309662398138,4,0.45977011494252873,833,24,2.881152460984394,13.103241296518608,859,4.09837019790454,11.059371362048894,1.2165308498253784,3.552873563218391,95,10915,833,0,3520.5,859,1045,859,3091,870,0,0,0.00,0.00
2018-05-01,2018-05,860,857,151281.19,133869.61,17411.58,152527.44,849,178.18750294464076,5,0.5813953488372093,827,23,2.781136638452237,12.986666666666666,847,4.188902007083826,8.028335301062574,1.1755005889281507,3.458139534883721,68,10714,825,2,3548.0,847,998,849,2974,860,0,0,0.00,0.00
2018-06-01,2018-06,770,768,144011.86,127727.10,16284.76,146413.35,751,191.76013315579226,11,1.4285714285714286,738,22,2.9810298102981028,13.134328358208956,759,4.092885375494071,9.881422924901186,1.2050599201065246,3.4753246753246754,75,9680,737,1,3106.5,759,905,751,2676,770,0,0,0.00,0.00
2018-07-01,2018-07,790,789,147176.90,131019.17,16157.73,148827.27,775,189.90567741935484,12,1.518987341772152,752,34,4.5212765957446805,13.401069518716577,775,4.108387096774194,10.838709677419354,1.1780645161290322,3.5860759493670886,84,10024,748,4,3184.0,775,913,775,2833,790,0,0,0.00,0.00
2018-08-01,2018-08,810,810,158191.38,140838.50,17352.88,159034.45,799,197.98670838548185,8,0.9876543209876543,769,32,4.161248374512354,13.514322916666666,796,4.0546482412060305,12.185929648241206,1.225281602002503,3.448148148148148,97,10379,768,1,3227.5,796,979,799,2793,810,0,0,0.00,0.00
