purchase_month,month_label,product_category,order_lines,orders,customers,products_sold,active_sellers,gmv_brl,goods_brl,freight_brl,avg_line_value_brl,freight_share_pct,pct_of_month_gmv,lines_missing_category,lines_missing_translation
2017-01-01,2017-01,sintetica_sem_traducao,4,4,4,2,4,401.42,322.94,78.48,100.355,19.550595386378355,2.1708833822127307,0,4
2017-01-01,2017-01,synthetic_cat_a,24,21,20,20,19,2867.44,2524.63,342.81,119.47666666666667,11.955263231314342,15.50714425163687,0,0
2017-01-01,2017-01,synthetic_cat_b,14,12,12,13,13,2790.10,2623.93,166.17,199.29285714285714,5.955700512526433,15.088888756693088,0,0
2017-01-01,2017-01,synthetic_cat_c,18,18,18,16,16,1216.16,980.94,235.22,67.56444444444445,19.3412051045915,6.577005465875727,0,0
2017-01-01,2017-01,synthetic_cat_d,14,13,13,14,13,4071.46,3611.37,460.09,290.81857142857143,11.30036890943298,22.018496475870272,0,0
2017-01-01,2017-01,synthetic_cat_e,9,8,8,8,8,480.52,384.48,96.04,53.39111111111111,19.9866810954799,2.598656974791643,0,0
2017-01-01,2017-01,synthetic_cat_f,10,9,9,10,9,3170.10,2939.71,230.39,317.01,7.267594082205608,17.143932564278256,0,0
2017-01-01,2017-01,synthetic_cat_g,8,8,8,7,8,753.48,629.92,123.56,94.185,16.398577268142486,4.074827389840188,0,0
2017-01-01,2017-01,synthetic_cat_h,8,7,7,7,8,1655.37,1330.88,324.49,206.92125,19.602264146384194,8.952257546742782,0,0
2017-01-01,2017-01,synthetic_cat_i,1,1,1,1,1,56.67,34.71,21.96,56.67,38.75066172578084,0.3064719278311879,0,0
2017-01-01,2017-01,synthetic_cat_j,8,8,8,5,7,917.03,829.16,87.87,114.62875,9.582020217441087,4.959307428604804,0,0
2017-01-01,2017-01,unknown,2,2,2,2,2,111.34,76.26,35.08,55.67,31.50709538350997,0.6021278356224539,2,0
2017-02-01,2017-02,sintetica_sem_traducao,6,6,6,4,6,759.15,676.04,83.11,126.525,10.947770532832774,1.9515940910517682,0,6
2017-02-01,2017-02,synthetic_cat_a,49,43,43,35,34,5305.91,4568.48,737.43,108.28387755102041,13.89827569634615,13.64023263340906,0,0
2017-02-01,2017-02,synthetic_cat_b,42,39,39,31,27,6363.27,5858.41,504.86,151.50642857142856,7.93397105576221,16.358453707129005,0,0
2017-02-01,2017-02,synthetic_cat_c,30,29,29,22,23,2415.74,2076.60,339.14,80.52466666666666,14.038762449601366,6.2102929717676325,0,0
2017-02-01,2017-02,synthetic_cat_d,24,23,23,19,19,6462.72,5749.03,713.69,269.28,11.043183056050703,16.6141160035857,0,0
2017-02-01,2017-02,synthetic_cat_e,23,20,20,18,20,1579.56,1314.91,264.65,68.67652173913044,16.754665856314418,4.060673071806272,0,0
2017-02-01,2017-02,synthetic_cat_f,22,19,19,18,19,6770.96,6292.58,478.38,307.7709090909091,7.0651724423124636,17.406527730682843,0,0
2017-02-01,2017-02,synthetic_cat_g,24,18,18,16,20,2453.96,2054.77,399.19,102.24833333333333,16.267176319092407,6.3085475013862835,0,0
2017-02-01,2017-02,synthetic_cat_h,17,12,12,13,16,3933.13,3062.51,870.62,231.36058823529413,22.13555107509795,10.11114176030882,0,0
2017-02-01,2017-02,synthetic_cat_i,16,14,14,10,16,968.33,783.23,185.10,60.520625,19.11538421819008,2.489346118933226,0,0
2017-02-01,2017-02,synthetic_cat_j,10,8,8,8,8,1629.75,1473.22,156.53,162.975,9.604540573707624,4.189699624437356,0,0
2017-02-01,2017-02,unknown,3,3,3,3,2,256.49,198.33,58.16,85.49666666666667,22.67534796678233,0.6593747855020325,3,0
2017-03-01,2017-03,sintetica_sem_traducao,9,7,7,6,9,1116.27,975.46,140.81,124.03,12.61433165811139,1.5713576441642898,0,9
2017-03-01,2017-03,synthetic_cat_a,82,61,61,46,44,9251.96,8075.40,1176.56,112.82878048780488,12.716872965296004,13.023854506080287,0,0
2017-03-01,2017-03,synthetic_cat_b,62,47,47,35,39,10189.01,9445.87,743.14,164.33887096774194,7.2935447114096466,14.34292666645739,0,0
2017-03-01,2017-03,synthetic_cat_c,51,46,45,29,38,4201.85,3600.13,601.72,82.38921568627451,14.32035888953675,5.914885392540981,0,0
2017-03-01,2017-03,synthetic_cat_d,32,31,31,23,27,8792.77,7711.30,1081.47,274.7740625,12.29953700597195,12.377459174642732,0,0
2017-03-01,2017-03,synthetic_cat_e,38,33,33,29,28,2217.13,1744.60,472.53,58.34552631578947,21.312688024608388,3.121022847165983,0,0
2017-03-01,2017-03,synthetic_cat_f,48,43,43,23,33,20920.62,19793.10,1127.52,435.84625,5.389515224692194,29.449663753085115,0,0
2017-03-01,2017-03,synthetic_cat_g,28,21,21,18,23,2547.59,2044.37,503.22,90.98535714285714,19.75278596634466,3.586206760637214,0,0
2017-03-01,2017-03,synthetic_cat_h,32,30,30,17,26,7111.68,5765.23,1346.45,222.24,18.932938489920804,10.011012327528551,0,0
2017-03-01,2017-03,synthetic_cat_i,17,17,17,10,16,1115.02,920.91,194.11,65.58941176470589,17.408656346971355,1.5695980366721907,0,0
2017-03-01,2017-03,synthetic_cat_j,17,15,15,11,15,2791.71,2545.90,245.81,164.21823529411765,8.804997653767762,3.9298510654141823,0,0
2017-03-01,2017-03,unknown,8,7,7,5,7,782.96,651.40,131.56,97.87,16.802901808521508,1.1021618256110728,8,0
2017-04-01,2017-04,sintetica_sem_traducao,18,17,17,8,14,2165.49,1881.82,283.67,120.305,13.099575615680518,3.8202479900163255,0,18
2017-04-01,2017-04,synthetic_cat_a,51,49,49,34,35,5849.65,5110.26,739.39,114.69901960784314,12.639901532570326,10.319656823536011,0,0
2017-04-01,2017-04,synthetic_cat_b,52,43,43,36,39,8711.17,8110.73,600.44,167.5225,6.892759525987898,15.367805754443804,0,0
2017-04-01,2017-04,synthetic_cat_c,41,38,38,28,31,3488.96,3060.81,428.15,85.09658536585366,12.271565165550765,6.15504686110181,0,0
2017-04-01,2017-04,synthetic_cat_d,32,27,27,23,26,8654.25,7530.67,1123.58,270.4453125,12.98298523846665,15.267390367814574,0,0
2017-04-01,2017-04,synthetic_cat_e,29,26,26,21,22,1844.87,1546.01,298.86,63.616206896551724,16.199515413010133,3.254626393722168,0,0
2017-04-01,2017-04,synthetic_cat_f,41,29,29,26,29,13246.81,12351.69,895.12,323.09292682926827,6.75724948119585,23.369352560680568,0,0
2017-04-01,2017-04,synthetic_cat_g,20,19,19,17,15,1909.07,1595.33,313.74,95.4535,16.43417999339993,3.367884788339113,0,0
2017-04-01,2017-04,synthetic_cat_h,25,22,22,16,21,5573.10,4553.76,1019.34,222.924,18.290359046132313,9.831781293453206,0,0
2017-04-01,2017-04,synthetic_cat_i,26,24,24,13,17,1881.33,1530.81,350.52,72.35884615384616,18.631500055811582,3.3189472826276796,0,0
2017-04-01,2017-04,synthetic_cat_j,22,17,17,12,19,2662.65,2330.58,332.07,121.02954545454546,12.47141006140499,4.697312530012592,0,0
2017-04-01,2017-04,unknown,7,7,7,5,7,697.19,610.31,86.88,99.59857142857143,12.461452401784305,1.229947354252147,7,0
2017-05-01,2017-05,sintetica_sem_traducao,17,16,16,8,14,2049.84,1766.23,283.61,120.57882352941176,13.835714006946883,2.424881079873182,0,17
2017-05-01,2017-05,synthetic_cat_a,90,78,78,51,47,10804.13,9475.13,1329.00,120.04588888888888,12.300851618779117,12.780866029295085,0,0
2017-05-01,2017-05,synthetic_cat_b,64,59,59,40,35,11246.72,10473.77,772.95,175.73,6.872670431912594,13.304432803843866,0,0
2017-05-01,2017-05,synthetic_cat_c,60,56,56,33,38,4850.55,4184.44,666.11,80.8425,13.73266949108864,5.738012197039214,0,0
2017-05-01,2017-05,synthetic_cat_d,49,44,44,28,36,12616.04,11003.57,1612.47,257.47020408163263,12.78111039597211,14.924285163194813,0,0
2017-05-01,2017-05,synthetic_cat_e,53,42,42,31,34,3352.96,2728.68,624.28,63.2633962264151,18.618772666539417,3.966421411218233,0,0
2017-05-01,2017-05,synthetic_cat_f,45,30,30,21,33,15633.78,14731.37,902.41,347.4173333333333,5.772180496335499,18.49415433833848,0,0
2017-05-01,2017-05,synthetic_cat_g,45,41,41,28,30,4076.83,3380.65,696.18,90.59622222222222,17.07650306733418,4.8227314975117,0,0
2017-05-01,2017-05,synthetic_cat_h,42,39,39,19,28,10749.94,8997.46,1752.48,255.95095238095237,16.30223052407734,12.716761364678176,0,0
2017-05-01,2017-05,synthetic_cat_i,47,37,37,15,29,3557.42,2877.99,679.43,75.68978723404256,19.098953736134614,4.208289647563934,0,0
2017-05-01,2017-05,synthetic_cat_j,27,25,25,13,23,4695.44,4340.28,355.16,173.9051851851852,7.563934370367847,5.554523093353497,0,0
2017-05-01,2017-05,unknown,10,8,8,6,10,899.98,759.89,140.09,89.998,15.565901464476989,1.0646413740898149,10,0
2017-06-01,2017-06,sintetica_sem_traducao,14,13,13,7,12,1541.01,1298.77,242.24,110.07214285714285,15.719560547952318,1.9365949603365054,0,14
2017-06-01,2017-06,synthetic_cat_a,74,69,69,48,46,9547.59,8443.75,1103.84,129.02148648648648,11.561451633344122,11.998504018377048,0,0
2017-06-01,2017-06,synthetic_cat_b,64,57,57,42,38,10362.68,9529.89,832.79,161.916875,8.036434590279734,13.022831690631403,0,0
2017-06-01,2017-06,synthetic_cat_c,56,41,41,34,39,4760.05,4095.05,665.00,85.00089285714286,13.97044148695917,5.981978599068003,0,0
2017-06-01,2017-06,synthetic_cat_d,57,45,45,29,42,16025.57,14135.02,1890.55,281.150350877193,11.79708428467755,20.139413825036755,0,0
2017-06-01,2017-06,synthetic_cat_e,43,37,37,28,34,2949.87,2447.58,502.29,68.60162790697674,17.02753002674694,3.7071163559275067,0,0
2017-06-01,2017-06,synthetic_cat_f,44,39,39,23,34,14400.43,13395.86,1004.57,327.2825,6.975972245273232,18.09709227368974,0,0
2017-06-01,2017-06,synthetic_cat_g,40,34,34,22,29,4525.95,3863.97,661.98,113.14875,14.626321545752827,5.6877839603474385,0,0
2017-06-01,2017-06,synthetic_cat_h,35,33,33,17,27,7901.48,6431.74,1469.74,225.75657142857142,18.600819087057108,9.929829363339428,0,0
2017-06-01,2017-06,synthetic_cat_i,31,30,30,14,23,2296.31,1899.45,396.86,74.07451612903226,17.282509765667527,2.885784241095334,0,0
2017-06-01,2017-06,synthetic_cat_j,29,26,26,14,24,4131.70,3720.31,411.39,142.47241379310344,9.95691845971392,5.192328017094204,0,0
2017-06-01,2017-06,unknown,13,13,13,8,12,1130.53,963.17,167.36,86.96384615384615,14.80367615189336,1.4207426950566377,13,0
2017-07-01,2017-07,sintetica_sem_traducao,17,16,16,9,16,1781.82,1492.47,289.35,104.81294117647059,16.239014041822408,1.7776021057235392,0,17
2017-07-01,2017-07,synthetic_cat_a,102,91,91,54,51,12716.61,11193.32,1523.29,124.67264705882353,11.9787427624186,12.686507455110513,0,0
2017-07-01,2017-07,synthetic_cat_b,72,63,63,41,42,13097.21,12181.45,915.76,181.90569444444444,6.992023492026165,13.066206505204452,0,0
2017-07-01,2017-07,synthetic_cat_c,74,66,66,38,45,5901.83,5073.81,828.02,79.75445945945945,14.029885645638727,5.887859287482661,0,0
2017-07-01,2017-07,synthetic_cat_d,71,63,63,30,44,20710.83,18391.31,2319.52,291.7018309859155,11.199551152706094,20.661803672246492,0,0
2017-07-01,2017-07,synthetic_cat_e,48,45,45,30,35,2933.52,2379.57,553.95,61.115,18.883457416346232,2.9265758208921873,0,0
2017-07-01,2017-07,synthetic_cat_f,54,44,44,29,38,20547.81,19526.05,1021.76,380.515,4.972598053028522,20.499169570443254,0,0
2017-07-01,2017-07,synthetic_cat_g,35,35,35,23,24,3205.62,2599.89,605.73,91.58914285714286,18.895876616691936,3.198031710357663,0,0
2017-07-01,2017-07,synthetic_cat_h,40,37,37,19,28,10911.55,9364.57,1546.98,272.78875,14.177454165540185,10.88572036272333,0,0
2017-07-01,2017-07,synthetic_cat_i,26,24,24,13,20,1886.65,1544.62,342.03,72.56346153846154,18.128958736384597,1.8821839539141525,0,0
2017-07-01,2017-07,synthetic_cat_j,34,30,30,13,25,5076.79,4636.23,440.56,149.31735294117647,8.677924436504169,5.064772308266944,0,0
2017-07-01,2017-07,unknown,15,14,14,6,13,1467.04,1274.62,192.42,97.80266666666667,13.11620678372778,1.463567247634812,15,0
2017-08-01,2017-08,sintetica_sem_traducao,20,20,20,7,17,2226.75,1933.14,293.61,111.3375,13.18558437184237,2.220306005879137,0,20
2017-08-01,2017-08,synthetic_cat_a,97,86,85,54,48,11969.06,10549.13,1419.93,123.39237113402062,11.86333763887891,11.934422724925449,0,0
2017-08-01,2017-08,synthetic_cat_b,80,73,73,45,45,14138.80,13146.21,992.59,176.735,7.0203270433134355,14.097883712102366,0,0
2017-08-01,2017-08,synthetic_cat_c,90,72,72,41,46,6942.85,5857.25,1085.60,77.14277777777778,15.636230078426006,6.922758079226661,0,0
2017-08-01,2017-08,synthetic_cat_d,59,51,51,28,38,16778.69,14801.65,1977.04,284.38457627118646,11.7830414650965,16.73013413170954,0,0
2017-08-01,2017-08,synthetic_cat_e,66,57,57,36,41,4096.46,3342.47,753.99,62.06757575757576,18.405891916435166,4.0846052501823955,0,0
2017-08-01,2017-08,synthetic_cat_f,49,46,46,28,34,17168.68,16120.41,1048.27,350.3812244897959,6.105711097183942,17.118995539246445,0,0
2017-08-01,2017-08,synthetic_cat_g,45,41,41,28,29,4510.28,3712.08,798.20,100.22844444444445,17.697349166792307,4.497227696057732,0,0
2017-08-01,2017-08,synthetic_cat_h,57,46,46,22,34,12419.77,10128.59,2291.18,217.89070175438596,18.447845652536238,12.38382841479175,0,0
2017-08-01,2017-08,synthetic_cat_i,43,37,37,16,31,2806.74,2270.57,536.17,65.27302325581395,19.102945053692185,2.7986175722201456,0,0
2017-08-01,2017-08,synthetic_cat_j,38,33,33,17,27,5941.25,5427.71,513.54,156.34868421052633,8.643635598569325,5.924056610499348,0,0
2017-08-01,2017-08,unknown,14,13,13,6,13,1290.90,1117.08,173.82,92.20714285714286,13.465024401580292,1.2871642631590337,14,0
2017-09-01,2017-09,sintetica_sem_traducao,17,17,17,9,16,1533.46,1268.18,265.28,90.2035294117647,17.299440481003742,1.6428063399516177,0,17
2017-09-01,2017-09,synthetic_cat_a,116,96,95,57,54,14428.04,12633.28,1794.76,124.37965517241379,12.439388856698484,15.456859380143948,0,0
2017-09-01,2017-09,synthetic_cat_b,77,70,70,40,45,12041.49,11102.28,939.21,156.382987012987,7.799782252860735,12.900131802892808,0,0
2017-09-01,2017-09,synthetic_cat_c,76,61,61,39,45,5386.39,4544.64,841.75,70.87355263157895,15.627349672043799,5.770476987630583,0,0
2017-09-01,2017-09,synthetic_cat_d,50,48,48,28,35,14522.87,12932.76,1590.11,290.4574,10.949006635740732,15.55845141724802,0,0
2017-09-01,2017-09,synthetic_cat_e,66,59,59,30,40,4043.56,3293.15,750.41,61.266060606060606,18.558151727685505,4.331893889618747,0,0
2017-09-01,2017-09,synthetic_cat_f,47,42,42,29,29,16865.15,15855.76,1009.39,358.83297872340427,5.985063874320714,18.06775223627289,0,0
2017-09-01,2017-09,synthetic_cat_g,45,42,42,25,34,4452.07,3688.08,763.99,98.93488888888889,17.160332160096317,4.769533487608675,0,0
2017-09-01,2017-09,synthetic_cat_h,44,42,42,18,33,10839.61,9154.11,1685.50,246.35477272727272,15.549452424948868,11.612549418050001,0,0
2017-09-01,2017-09,synthetic_cat_i,42,36,36,17,30,3352.92,2783.21,569.71,79.83142857142857,16.99145819166577,3.592006464694598,0,0
2017-09-01,2017-09,synthetic_cat_j,34,26,26,13,28,4880.00,4398.29,481.71,143.52941176470588,9.871106557377049,5.227977866370101,0,0
2017-09-01,2017-09,unknown,11,10,10,6,11,998.37,848.06,150.31,90.7609090909091,15.055540531065637,1.069560709518016,11,0
2017-10-01,2017-10,sintetica_sem_traducao,26,23,23,9,18,2877.19,2446.07,431.12,110.66115384615385,14.984064312749592,2.6723979951186676,0,26
2017-10-01,2017-10,synthetic_cat_a,101,92,92,53,52,13027.44,11552.76,1474.68,128.98455445544553,11.31979882463477,12.10017570529883,0,0
2017-10-01,2017-10,synthetic_cat_b,90,77,77,48,46,14958.11,13900.94,1057.17,166.2012222222222,7.067537275765454,13.893424895389076,0,0
2017-10-01,2017-10,synthetic_cat_c,84,73,73,44,49,6074.69,5125.74,948.95,72.3177380952381,15.62137327172251,5.6423070346301145,0,0
2017-10-01,2017-10,synthetic_cat_d,61,51,51,31,38,16912.38,15000.04,1912.34,277.252131147541,11.30733817475719,15.708594289805351,0,0
2017-10-01,2017-10,synthetic_cat_e,64,58,58,36,39,3970.69,3195.47,775.22,62.04203125,19.523558877676173,3.6880650896318086,0,0
2017-10-01,2017-10,synthetic_cat_f,65,61,61,27,39,23437.63,22009.45,1428.18,360.5789230769231,6.093534201196964,21.769391462619133,0,0
2017-10-01,2017-10,synthetic_cat_g,50,48,48,25,36,5030.20,4116.78,913.42,100.604,18.158721323207825,4.672161516982167,0,0
2017-10-01,2017-10,synthetic_cat_h,57,46,46,22,40,12754.25,10464.60,2289.65,223.75877192982455,17.95205519728718,11.846430763780727,0,0
2017-10-01,2017-10,synthetic_cat_i,52,43,43,17,37,3743.61,3088.83,654.78,71.9925,17.49060398919759,3.4771481405490063,0,0
2017-10-01,2017-10,synthetic_cat_j,26,23,23,14,22,3813.96,3459.93,354.03,146.69076923076923,9.282478054305761,3.5424907835293444,0,0
2017-10-01,2017-10,unknown,13,10,10,6,13,1063.08,904.23,158.85,81.77538461538461,14.942431425668813,0.9874123226657793,13,0
2017-11-01,2017-11,sintetica_sem_traducao,42,35,35,9,30,5108.13,4441.33,666.80,121.62214285714286,13.053700669325174,2.875260169806022,0,42
2017-11-01,2017-11,synthetic_cat_a,225,193,193,69,58,26583.77,23378.46,3205.31,118.15008888888889,12.05739441772179,14.963451408692464,0,0
2017-11-01,2017-11,synthetic_cat_b,157,140,140,51,56,26173.01,24324.03,1848.98,166.70707006369426,7.064453037690354,14.732243145130354,0,0
2017-11-01,2017-11,synthetic_cat_c,122,112,112,45,56,9719.49,8301.30,1418.19,79.66795081967213,14.591197686298356,5.4708988353522585,0,0
2017-11-01,2017-11,synthetic_cat_d,108,93,93,39,52,32459.95,28891.62,3568.33,300.5550925925926,10.99302371075741,18.271030954360008,0,0
2017-11-01,2017-11,synthetic_cat_e,84,76,76,40,43,5014.93,4084.53,930.40,59.701547619047616,18.552601930635124,2.822799827601356,0,0
2017-11-01,2017-11,synthetic_cat_f,88,78,78,31,48,31063.06,29215.91,1847.15,352.9893181818182,5.946452152492381,17.484750617211123,0,0
2017-11-01,2017-11,synthetic_cat_g,86,76,76,32,45,9228.36,7706.72,1521.64,107.30651162790697,16.48873689366258,5.194451969826747,0,0
2017-11-01,2017-11,synthetic_cat_h,64,56,56,22,39,14864.30,12128.34,2735.96,232.2546875,18.40624852835317,8.366805414515225,0,0
2017-11-01,2017-11,synthetic_cat_i,75,62,62,17,42,5488.25,4540.74,947.51,73.17666666666666,17.264337448184758,3.089221814428744,0,0
2017-11-01,2017-11,synthetic_cat_j,57,50,50,17,36,9192.16,8381.74,810.42,161.2659649122807,8.816426171868201,5.174075742489742,0,0
2017-11-01,2017-11,unknown,31,28,28,8,24,2762.60,2352.83,409.77,89.11612903225806,14.832766234706437,1.5550101005859516,31,0
2017-12-01,2017-12,sintetica_sem_traducao,20,19,19,8,18,1993.40,1695.44,297.96,99.67,14.94732617638206,1.4509805291718858,0,20
2017-12-01,2017-12,synthetic_cat_a,126,115,115,62,54,15145.77,13351.45,1794.32,120.2045238095238,11.847004147032472,11.024489500007862,0,0
2017-12-01,2017-12,synthetic_cat_b,111,98,98,48,49,19158.19,17835.59,1322.60,172.5963063063063,6.903574920177742,13.9450991593135,0,0
2017-12-01,2017-12,synthetic_cat_c,84,76,76,38,46,6814.08,5859.83,954.25,81.12,14.00409152812999,4.959916426316626,0,0
2017-12-01,2017-12,synthetic_cat_d,89,78,78,34,47,23844.90,21026.82,2818.08,267.9202247191011,11.818376256558006,17.35651932379387,0,0
2017-12-01,2017-12,synthetic_cat_e,66,56,56,32,43,3827.98,3091.67,736.31,57.99969696969697,19.234948980924663,2.786357201795623,0,0
2017-12-01,2017-12,synthetic_cat_f,81,72,72,31,47,31781.93,30022.56,1759.37,392.3695061728395,5.5357556951387155,23.133822418733736,0,0
2017-12-01,2017-12,synthetic_cat_g,73,61,61,30,44,7715.09,6500.70,1214.39,105.68616438356165,15.740451504778298,5.615754675834617,0,0
2017-12-01,2017-12,synthetic_cat_h,67,58,58,21,40,15031.31,12340.54,2690.77,224.3479104477612,17.901101101633856,10.941174946296107,0,0
2017-12-01,2017-12,synthetic_cat_i,51,45,45,17,35,3867.39,3173.17,694.22,75.83117647058823,17.95060751566302,2.815043437701444,0,0
2017-12-01,2017-12,synthetic_cat_j,47,43,43,16,31,6543.75,5903.67,640.08,139.2287234042553,9.781547277936962,4.763145298368881,0,0
2017-12-01,2017-12,unknown,22,19,19,8,17,1659.17,1307.32,351.85,75.41681818181819,21.206386325692964,1.2076970826658562,22,0
2018-01-01,2018-01,sintetica_sem_traducao,36,33,33,9,28,4113.34,3575.22,538.12,114.25944444444444,13.082312670481896,2.585908823098222,0,36
2018-01-01,2018-01,synthetic_cat_a,169,152,152,63,54,19537.46,17104.70,2432.76,115.60627218934911,12.451772134146404,12.28249796878658,0,0
2018-01-01,2018-01,synthetic_cat_b,115,109,109,47,55,17896.56,16440.26,1456.30,155.62226086956522,8.137318009718069,11.250923193100185,0,0
2018-01-01,2018-01,synthetic_cat_c,118,105,105,44,50,8816.13,7352.08,1464.05,74.71296610169492,16.60649287158878,5.542383647493503,0,0
2018-01-01,2018-01,synthetic_cat_d,112,96,96,39,50,31910.75,28302.58,3608.17,284.9174107142857,11.30706736757989,20.061140089727957,0,0
2018-01-01,2018-01,synthetic_cat_e,104,96,96,40,48,6421.06,5295.93,1125.13,61.74096153846154,17.522496285659997,4.036689334614467,0,0
2018-01-01,2018-01,synthetic_cat_f,87,80,80,32,43,33116.67,31257.44,1859.23,380.65137931034485,5.614181619106027,20.819258593899896,0,0
2018-01-01,2018-01,synthetic_cat_g,77,75,75,26,42,8022.13,6707.75,1314.38,104.1835064935065,16.384426579973148,5.043224422741845,0,0
2018-01-01,2018-01,synthetic_cat_h,63,61,61,21,39,15093.66,12413.81,2679.85,239.58190476190475,17.75480566012485,9.488840836605949,0,0
2018-01-01,2018-01,synthetic_cat_i,59,54,54,16,39,4578.68,3763.85,814.83,77.60474576271186,17.79617706413202,2.8784513339873112,0,0
2018-01-01,2018-01,synthetic_cat_j,51,46,46,17,35,7719.60,6968.41,751.19,151.36470588235295,9.730944608528938,4.853034699487287,0,0
2018-01-01,2018-01,unknown,22,19,19,8,21,1841.44,1539.73,301.71,83.70181818181818,16.384459987835605,1.1576470564567942,22,0
2018-02-01,2018-02,sintetica_sem_traducao,31,26,26,9,24,3075.99,2651.88,424.11,99.22548387096774,13.78775613704856,2.0895250261853797,0,31
2018-02-01,2018-02,synthetic_cat_a,172,155,155,66,57,20271.37,17866.84,2404.53,117.8568023255814,11.861704462993869,13.770374718404,0,0
2018-02-01,2018-02,synthetic_cat_b,114,107,107,45,49,18473.46,17085.20,1388.26,162.0478947368421,7.514888927141965,12.549051521700187,0,0
2018-02-01,2018-02,synthetic_cat_c,113,106,106,44,52,8688.14,7465.03,1223.11,76.88619469026548,14.07792692106711,5.901867678699294,0,0
2018-02-01,2018-02,synthetic_cat_d,92,82,82,36,46,26043.12,23122.64,2920.48,283.0773913043478,11.21401736811872,17.691133911342032,0,0
2018-02-01,2018-02,synthetic_cat_e,71,66,66,34,41,4163.13,3401.98,761.15,58.635633802816905,18.283118711162032,2.8280210021044083,0,0
2018-02-01,2018-02,synthetic_cat_f,76,64,64,28,44,26860.62,25312.12,1548.50,353.4292105263158,5.764945112957184,18.246462995281366,0,0
2018-02-01,2018-02,synthetic_cat_g,81,73,73,29,40,7685.17,6324.87,1360.30,94.87864197530864,17.700324130760933,5.220548521122986,0,0
2018-02-01,2018-02,synthetic_cat_h,66,56,56,21,39,15318.67,12833.27,2485.40,232.1010606060606,16.224646134422898,10.40599752693448,0,0
2018-02-01,2018-02,synthetic_cat_i,67,63,63,14,37,4715.69,3898.06,817.63,70.3834328358209,17.33850189473863,3.203375911733176,0,0
2018-02-01,2018-02,synthetic_cat_j,59,52,52,16,42,9292.47,8403.21,889.26,157.49949152542374,9.569683840787219,6.312390033802728,0,0
2018-02-01,2018-02,unknown,29,24,24,8,21,2622.18,2218.74,403.44,90.42,15.385671464201543,1.7812511526899562,29,0
2018-03-01,2018-03,sintetica_sem_traducao,36,30,30,9,29,4242.85,3685.72,557.13,117.85694444444445,13.131032207124926,2.484422186586644,0,36
2018-03-01,2018-03,synthetic_cat_a,183,167,167,68,58,22511.16,19986.57,2524.59,123.01180327868852,11.214837440629449,13.181523115312064,0,0
2018-03-01,2018-03,synthetic_cat_b,150,127,127,52,56,25121.21,23305.53,1815.68,167.47473333333335,7.227677329236928,14.709851038312046,0,0
2018-03-01,2018-03,synthetic_cat_c,135,117,117,48,51,10628.81,9118.43,1510.38,78.73192592592592,14.210245549595863,6.223753227432972,0,0
2018-03-01,2018-03,synthetic_cat_d,107,98,98,37,53,31104.80,27684.10,3420.70,290.69906542056077,10.997338031429233,18.213572299124465,0,0
2018-03-01,2018-03,synthetic_cat_e,75,68,68,35,45,4241.37,3399.04,842.33,56.5516,19.85985660293726,2.483555565132633,0,0
2018-03-01,2018-03,synthetic_cat_f,72,62,62,29,44,26584.51,25025.28,1559.23,369.2293055555556,5.8651823938075225,15.566693723213051,0,0
2018-03-01,2018-03,synthetic_cat_g,84,76,76,31,47,8788.22,7304.66,1483.56,104.62166666666667,16.881234197596328,5.145986482813315,0,0
2018-03-01,2018-03,synthetic_cat_h,93,72,72,22,45,23260.41,19121.01,4139.40,250.11193548387098,17.795902995690962,13.620250226404854,0,0
2018-03-01,2018-03,synthetic_cat_i,65,55,55,17,38,5039.36,4192.51,846.85,77.52861538461538,16.804713296926597,2.9508226287041186,0,0
2018-03-01,2018-03,synthetic_cat_j,49,46,46,17,37,7534.33,6889.20,645.13,153.76183673469387,8.5625397347873,4.411764878104422,0,0
2018-03-01,2018-03,unknown,20,20,20,8,16,1721.11,1428.68,292.43,86.0555,16.990779206442355,1.0078046288594078,20,0
2018-04-01,2018-04,sintetica_sem_traducao,32,29,29,8,25,3846.25,3261.49,584.76,120.1953125,15.203379915502113,2.3605636458284875,0,32
2018-04-01,2018-04,synthetic_cat_a,174,156,156,62,57,21996.29,19459.88,2536.41,126.41545977011494,11.531080923192047,13.499809559207202,0,0
2018-04-01,2018-04,synthetic_cat_b,130,114,114,50,51,22221.24,20682.98,1538.26,170.9326153846154,6.922475973438026,13.63786839368991,0,0
2018-04-01,2018-04,synthetic_cat_c,147,126,126,47,54,12071.56,10263.62,1807.94,82.11945578231293,14.9768546898661,7.408693060627192,0,0
2018-04-01,2018-04,synthetic_cat_d,110,98,98,34,51,30541.90,26895.29,3646.61,277.65363636363634,11.939695958666618,18.74451707885059,0,0
2018-04-01,2018-04,synthetic_cat_e,70,64,64,32,44,4172.98,3410.47,762.51,59.614,18.272553427047338,2.561088042318976,0,0
2018-04-01,2018-04,synthetic_cat_f,83,70,70,30,48,29348.56,27757.95,1590.61,353.59710843373495,5.419720763131138,18.01212708311111,0,0
2018-04-01,2018-04,synthetic_cat_g,85,77,77,29,42,8492.20,7075.11,1417.09,99.90823529411765,16.68695979840324,5.2119281360038165,0,0
2018-04-01,2018-04,synthetic_cat_h,76,69,69,22,45,16320.80,13374.14,2946.66,214.74736842105264,18.05462967501593,10.016584244611655,0,0
2018-04-01,2018-04,synthetic_cat_i,58,55,55,16,32,4376.77,3608.78,767.99,75.46155172413793,17.546958144933363,2.686160324511602,0,0
2018-04-01,2018-04,synthetic_cat_j,52,43,43,16,33,7128.24,6374.43,753.81,137.08153846153846,10.57498064038248,4.3748233221294655,0,0
2018-04-01,2018-04,unknown,28,23,23,8,23,2420.99,2071.74,349.25,86.46392857142857,14.425916670452997,1.485837109109993,28,0
2018-05-01,2018-05,sintetica_sem_traducao,35,31,31,9,24,3732.92,3183.14,549.78,106.65485714285714,14.72788058677925,2.467537438064838,0,35
2018-05-01,2018-05,synthetic_cat_a,177,152,152,66,56,20109.19,17481.22,2627.97,113.6112429378531,13.068502510543688,13.292591101378829,0,0
2018-05-01,2018-05,synthetic_cat_b,137,126,126,54,53,23705.83,22151.23,1554.60,173.03525547445255,6.557880487626883,15.670044636745653,0,0
2018-05-01,2018-05,synthetic_cat_c,98,88,88,42,47,7296.00,6223.60,1072.40,74.44897959183673,14.698464912280702,4.822807118320526,0,0
2018-05-01,2018-05,synthetic_cat_d,83,78,78,37,45,22521.04,19819.84,2701.20,271.3378313253012,11.994117500790372,14.886873906795683,0,0
2018-05-01,2018-05,synthetic_cat_e,92,85,85,37,48,5462.06,4453.35,1008.71,59.37021739130435,18.46757450485714,3.6105347928582527,0,0
2018-05-01,2018-05,synthetic_cat_f,83,75,75,29,43,27723.32,25923.80,1799.52,334.01590361445784,6.4909974707214,18.325688738963514,0,0
2018-05-01,2018-05,synthetic_cat_g,73,64,64,30,42,7075.24,5855.82,1219.42,96.92109589041095,17.235033723237656,4.676880185831431,0,0
2018-05-01,2018-05,synthetic_cat_h,77,67,67,22,48,17795.37,14834.18,2961.19,231.1087012987013,16.640227205166287,11.763108156407284,0,0
2018-05-01,2018-05,synthetic_cat_i,64,56,56,16,39,4856.87,4055.77,801.10,75.88859375,16.49416187791726,3.21049166786697,0,0
2018-05-01,2018-05,synthetic_cat_j,63,57,57,16,39,9734.08,8816.11,917.97,154.50920634920635,9.430475196423288,6.434428497025968,0,0
2018-05-01,2018-05,unknown,16,13,13,7,15,1269.27,1071.55,197.72,79.329375,15.577457908876756,0.8390137597410491,16,0
2018-06-01,2018-06,sintetica_sem_traducao,31,28,28,9,24,3416.61,2951.39,465.22,110.21322580645162,13.61642095527438,2.372450435679395,0,31
2018-06-01,2018-06,synthetic_cat_a,174,154,154,62,58,21152.09,18576.73,2575.36,121.5637356321839,12.17543987379025,14.687741690163575,0,0
2018-06-01,2018-06,synthetic_cat_b,119,105,105,50,51,19236.82,17812.17,1424.65,161.65394957983193,7.405849823411562,13.357802614312462,0,0
2018-06-01,2018-06,synthetic_cat_c,108,100,100,47,51,8444.45,7130.54,1313.91,78.18935185185185,15.559450289835334,5.863718446522391,0,0
2018-06-01,2018-06,synthetic_cat_d,80,74,74,32,42,23104.19,20441.61,2662.58,288.802375,11.52423002061531,16.04325504857725,0,0
2018-06-01,2018-06,synthetic_cat_e,74,64,64,36,46,4833.57,4025.19,808.38,65.31851351351351,16.724284535033114,3.356369399020331,0,0
2018-06-01,2018-06,synthetic_cat_f,86,75,75,31,47,29952.11,28135.29,1816.82,348.2803488372093,6.065749624984684,20.79836341256894,0,0
2018-06-01,2018-06,synthetic_cat_g,58,49,49,26,34,5528.34,4494.28,1034.06,95.31620689655172,18.70471063646592,3.8388088314393,0,0
2018-06-01,2018-06,synthetic_cat_h,59,54,54,20,37,15325.92,12766.24,2559.68,259.7613559322034,16.701640097299215,10.642123502883722,0,0
2018-06-01,2018-06,synthetic_cat_i,54,50,50,15,33,4024.41,3299.19,725.22,74.5261111111111,18.02052971739957,2.7944990086233177,0,0
2018-06-01,2018-06,synthetic_cat_j,46,40,40,17,35,7512.01,6845.51,666.50,163.3045652173913,8.872458902477499,5.216243995459819,0,0
2018-06-01,2018-06,unknown,16,14,14,6,14,1481.34,1248.96,232.38,92.58375,15.687148122645713,1.0286236147495076,16,0
2018-07-01,2018-07,sintetica_sem_traducao,35,33,33,8,27,4065.12,3498.24,566.88,116.14628571428571,13.9449757940725,2.7620638836665266,0,35
2018-07-01,2018-07,synthetic_cat_a,138,125,125,60,55,15983.60,13950.36,2033.24,115.8231884057971,12.720788808528741,10.860128185876997,0,0
2018-07-01,2018-07,synthetic_cat_b,131,121,121,49,55,24192.22,22656.41,1535.81,184.6734351145038,6.348363234130642,16.437511593191594,0,0
2018-07-01,2018-07,synthetic_cat_c,114,95,95,45,45,9383.80,8086.46,1297.34,82.3140350877193,13.82531597007609,6.375864690722525,0,0
2018-07-01,2018-07,synthetic_cat_d,94,85,85,32,50,27186.97,24233.99,2952.98,289.223085106383,10.861747373833861,18.472307814609493,0,0
2018-07-01,2018-07,synthetic_cat_e,91,84,84,39,47,5496.22,4397.49,1098.73,60.39802197802198,19.990648118161207,3.7344311505406083,0,0
2018-07-01,2018-07,synthetic_cat_f,84,73,73,30,43,29568.19,27867.60,1700.59,352.0022619047619,5.751417317055931,20.09023834582737,0,0
2018-07-01,2018-07,synthetic_cat_g,67,60,60,28,42,7145.51,5930.40,1215.11,106.64940298507463,17.005224259709944,4.855048584390621,0,0
2018-07-01,2018-07,synthetic_cat_h,53,50,50,21,33,12471.52,10211.83,2259.69,235.31169811320754,18.11880187819929,8.47382979258294,0,0
2018-07-01,2018-07,synthetic_cat_i,42,39,39,17,30,3328.71,2785.65,543.06,79.255,16.314428111791052,2.2617068303517742,0,0
2018-07-01,2018-07,synthetic_cat_j,44,33,33,17,30,6598.82,5919.77,679.05,149.9731818181818,10.290476176043596,4.483597629791088,0,0
2018-07-01,2018-07,unknown,20,19,19,8,17,1756.22,1480.97,275.25,87.811,15.672865586316066,1.1932714984484658,20,0
2018-08-01,2018-08,sintetica_sem_traducao,24,22,22,9,23,2653.19,2285.79,367.40,110.54958333333333,13.847481710695426,1.677202638980708,0,24
2018-08-01,2018-08,synthetic_cat_a,177,161,161,65,57,21082.97,18287.72,2795.25,119.11282485875707,13.258331250293482,13.327508742891046,0,0
2018-08-01,2018-08,synthetic_cat_b,120,106,106,52,54,20009.40,18580.85,1428.55,166.745,7.139394484592241,12.648856088113018,0,0
2018-08-01,2018-08,synthetic_cat_c,108,96,96,45,51,8270.89,7081.21,1189.68,76.58231481481481,14.383941752338625,5.2284075149986045,0,0
2018-08-01,2018-08,synthetic_cat_d,86,77,77,36,46,24883.00,22168.28,2714.72,289.33720930232556,10.90993851223727,15.72968135179047,0,0
2018-08-01,2018-08,synthetic_cat_e,77,71,71,35,45,4892.11,4097.76,794.35,63.533896103896105,16.237369969195296,3.0925262805090896,0,0
2018-08-01,2018-08,synthetic_cat_f,92,79,79,32,51,35597.59,33644.26,1953.33,386.93032608695654,5.487253491036894,22.502863303929708,0,0
2018-08-01,2018-08,synthetic_cat_g,89,69,69,30,47,9239.91,7790.38,1449.53,103.81921348314607,15.687706914894193,5.840969337267302,0,0
2018-08-01,2018-08,synthetic_cat_h,67,57,57,21,40,16931.92,14154.33,2777.59,252.71522388059702,16.404459742309204,10.70344035180678,0,0
2018-08-01,2018-08,synthetic_cat_i,65,56,56,17,40,4387.58,3596.53,791.05,67.50123076923077,18.02930089024018,2.773589812542251,0,0
2018-08-01,2018-08,synthetic_cat_j,57,47,47,16,35,8604.68,7769.18,835.50,150.95929824561404,9.709832323805184,5.4394114268426,0,0
2018-08-01,2018-08,unknown,17,14,14,7,15,1638.14,1382.21,255.93,96.36117647058823,15.623206807720951,1.0355431503284187,17,0
