purchase_month,month_label,primary_payment_type,orders,payment_brl,gmv_brl,aov_brl,avg_installments,installment_orders,installment_rate_pct,pct_of_month_orders,orders_with_items,installments_sum,installments_n
2017-01-01,2017-01,boleto,19,3439.29,3040.89,168.93833333333333,1.0,0,0.0,17.272727272727273,18,19,19
2017-01-01,2017-01,credit_card,84,14800.42,14349.80,179.3725,4.333333333333333,65,77.38095238095238,76.36363636363636,80,364,84
2017-01-01,2017-01,debit_card,2,174.25,174.25,87.125,1.0,0,0.0,1.8181818181818181,2,2,2
2017-01-01,2017-01,voucher,5,926.15,926.15,185.23,1.0,0,0.0,4.545454545454546,5,5,5
2017-02-01,2017-02,boleto,58,9067.54,9067.54,156.33689655172415,1.0,0,0.0,25.217391304347824,58,58,58
2017-02-01,2017-02,credit_card,157,27688.96,26922.48,177.12157894736842,4.656050955414012,123,78.34394904458598,68.26086956521739,152,731,157
2017-02-01,2017-02,debit_card,6,615.01,615.01,102.50166666666667,1.0,0,0.0,2.608695652173913,6,6,6
2017-02-01,2017-02,voucher,9,2293.94,2293.94,254.88222222222223,1.0,0,0.0,3.9130434782608696,9,9,9
2017-03-01,2017-03,boleto,78,16631.99,16562.55,215.09805194805193,1.0,0,0.0,22.941176470588236,77,78,78
2017-03-01,2017-03,credit_card,245,51720.33,50951.74,212.29891666666666,4.228571428571429,190,77.55102040816327,72.05882352941177,240,1036,245
2017-03-01,2017-03,debit_card,3,263.79,263.79,87.93,1.0,0,0.0,0.8823529411764706,3,3,3
2017-03-01,2017-03,voucher,14,3428.69,3260.49,250.80692307692306,1.0,0,0.0,4.117647058823529,13,14,14
2017-04-01,2017-04,boleto,63,11710.24,11199.58,193.09620689655173,1.0,0,0.0,20.322580645161292,58,63,63
2017-04-01,2017-04,credit_card,221,39940.71,39284.99,182.72088372093023,4.619909502262443,173,78.28054298642535,71.29032258064517,215,1021,221
2017-04-01,2017-04,debit_card,10,2277.28,2277.28,227.728,1.0,0,0.0,3.225806451612903,10,10,10
2017-04-01,2017-04,voucher,16,3922.69,3922.69,245.168125,1.0,0,0.0,5.161290322580645,16,16,16
2017-05-01,2017-05,boleto,104,20071.64,19872.08,196.7532673267327,1.0,0,0.0,22.608695652173914,101,104,104
2017-05-01,2017-05,credit_card,327,60993.83,60169.74,188.61987460815047,4.529051987767584,258,78.89908256880734,71.08695652173913,319,1481,327
2017-05-01,2017-05,debit_card,12,2622.53,2508.22,228.01999999999998,1.0,0,0.0,2.608695652173913,11,12,12
2017-05-01,2017-05,voucher,17,1983.59,1983.59,116.68176470588234,1.0,0,0.0,3.6956521739130435,17,17,17
2017-06-01,2017-06,boleto,86,17563.65,17498.10,205.85999999999999,1.0,0,0.0,21.026894865525673,85,86,86
2017-06-01,2017-06,credit_card,288,55693.35,55256.99,195.25438162544168,4.472222222222222,228,79.16666666666667,70.4156479217604,283,1288,288
2017-06-01,2017-06,debit_card,16,2647.64,2446.00,163.06666666666666,1.0,0,0.0,3.9119804400977993,15,16,16
2017-06-01,2017-06,voucher,19,3812.71,3812.71,200.66894736842104,1.0,0,0.0,4.645476772616137,19,19,19
2017-07-01,2017-07,boleto,89,16930.73,16827.84,191.22545454545454,1.0,0,0.0,17.8,88,89,89
2017-07-01,2017-07,credit_card,366,75414.17,75015.30,207.79861495844875,4.390710382513661,289,78.96174863387978,73.2,361,1607,366
2017-07-01,2017-07,debit_card,17,3472.27,3306.31,206.644375,1.0,0,0.0,3.4,16,17,17
2017-07-01,2017-07,voucher,28,5087.83,5087.83,181.7082142857143,1.0,0,0.0,5.6,28,28,28
2017-08-01,2017-08,boleto,81,15193.42,15193.42,187.57308641975308,1.0,0,0.0,15.0,81,81,81
2017-08-01,2017-08,credit_card,413,78085.52,77668.35,189.89816625916873,4.711864406779661,332,80.38740920096852,76.48148148148148,409,1946,413
2017-08-01,2017-08,debit_card,17,2045.29,1957.08,122.3175,1.0,0,0.0,3.1481481481481484,16,17,17
2017-08-01,2017-08,voucher,29,5471.38,5471.38,188.66827586206898,1.0,0,0.0,5.37037037037037,29,29,29
2017-09-01,2017-09,boleto,111,20580.16,20409.83,187.24614678899084,1.0,0,0.0,20.943396226415093,109,111,111
2017-09-01,2017-09,credit_card,375,67506.77,66749.04,180.89170731707316,4.461333333333333,298,79.46666666666667,70.75471698113208,369,1673,375
2017-09-01,2017-09,debit_card,18,2385.78,2213.81,130.22411764705882,1.0,0,0.0,3.3962264150943398,17,18,18
2017-09-01,2017-09,voucher,26,3971.25,3971.25,152.7403846153846,1.0,0,0.0,4.90566037735849,26,26,26
2017-10-01,2017-10,boleto,120,21204.38,20940.72,177.46372881355933,1.0,0,0.0,20.689655172413794,118,120,120
2017-10-01,2017-10,credit_card,415,79012.54,77895.33,190.91992647058825,4.255421686746988,325,78.3132530120482,71.55172413793103,408,1766,415
2017-10-01,2017-10,debit_card,14,3587.76,3587.76,256.2685714285714,1.0,0,0.0,2.413793103448276,14,14,14
2017-10-01,2017-10,voucher,31,5239.42,5239.42,169.0135483870968,1.0,0,0.0,5.344827586206897,31,31,31
2017-11-01,2017-11,boleto,187,34221.08,34031.78,183.95556756756756,1.0,0,0.0,19.893617021276597,185,187,187
2017-11-01,2017-11,credit_card,683,129145.47,128814.87,189.15546255506607,4.248901903367496,531,77.74524158125915,72.65957446808511,681,2902,683
2017-11-01,2017-11,debit_card,21,4607.73,4455.58,222.779,1.0,0,0.0,2.234042553191489,20,21,21
2017-11-01,2017-11,voucher,49,10355.78,10355.78,211.34244897959184,1.0,0,0.0,5.212765957446808,49,49,49
2017-12-01,2017-12,boleto,138,25527.64,25280.36,188.65940298507462,1.0,0,0.0,19.714285714285715,134,138,138
2017-12-01,2017-12,credit_card,498,101434.44,99699.22,205.56540206185568,4.357429718875502,380,76.30522088353413,71.14285714285714,485,2170,498
2017-12-01,2017-12,debit_card,24,4362.92,4362.92,181.78833333333333,1.0,0,0.0,3.4285714285714284,24,24,24
2017-12-01,2017-12,voucher,40,8083.06,8040.46,206.16564102564104,1.0,0,0.0,5.714285714285714,39,40,40
2018-01-01,2018-01,boleto,183,32758.04,32452.91,180.29394444444443,1.0,0,0.0,20.333333333333332,180,183,183
2018-01-01,2018-01,credit_card,637,112502.48,110933.07,177.77735576923078,4.117739403453689,478,75.03924646781789,70.77777777777777,624,2623,637
2018-01-01,2018-01,debit_card,36,7872.24,7872.24,218.67333333333332,1.0,0,0.0,4.0,36,36,36
2018-01-01,2018-01,voucher,44,7809.26,7809.26,177.48318181818183,1.0,0,0.0,4.888888888888889,44,44,44
2018-02-01,2018-02,boleto,174,33627.24,33627.24,193.26,1.0,0,0.0,20.714285714285715,174,174,174
2018-02-01,2018-02,credit_card,585,101497.02,100592.35,173.43508620689656,4.723076923076923,469,80.17094017094017,69.64285714285714,580,2763,585
2018-02-01,2018-02,debit_card,29,5506.46,5506.46,189.87793103448277,1.0,0,0.0,3.4523809523809526,29,29,29
2018-02-01,2018-02,voucher,52,7754.06,7483.96,146.7443137254902,1.0,0,0.0,6.190476190476191,51,52,52
2018-03-01,2018-03,boleto,168,32134.13,31461.68,191.83951219512196,1.0,0,0.0,18.666666666666668,164,168,168
2018-03-01,2018-03,credit_card,662,129068.08,127728.94,196.80884437596302,4.4879154078549846,517,78.09667673716012,73.55555555555556,649,2971,662
2018-03-01,2018-03,debit_card,24,4278.29,4278.29,178.26208333333332,1.0,0,0.0,2.6666666666666665,24,24,24
2018-03-01,2018-03,voucher,46,7386.03,7309.23,162.42733333333334,1.0,0,0.0,5.111111111111111,45,46,46
2018-04-01,2018-04,boleto,174,34551.71,34381.44,201.06105263157897,1.0,0,0.0,20.0,171,174,174
2018-04-01,2018-04,credit_card,634,117558.75,116761.80,186.22296650717703,4.503154574132492,504,79.49526813880126,72.8735632183908,627,2855,634
2018-04-01,2018-04,debit_card,24,4303.27,4216.43,183.32304347826087,1.0,0,0.0,2.7586206896551726,23,24,24
2018-04-01,2018-04,voucher,38,7578.11,7578.11,199.42394736842104,1.0,0,0.0,4.367816091954023,38,38,38
2018-05-01,2018-05,boleto,177,31197.25,31023.24,177.27565714285714,1.0,0,0.0,20.58139534883721,175,177,177
2018-05-01,2018-05,credit_card,624,111714.75,110809.44,179.5939059967585,4.387820512820513,482,77.24358974358974,72.55813953488372,617,2738,624
2018-05-01,2018-05,debit_card,23,3575.21,3500.08,159.09454545454545,1.0,0,0.0,2.6744186046511627,22,23,23
2018-05-01,2018-05,voucher,36,6040.23,5948.43,169.95514285714287,1.0,0,0.0,4.186046511627907,35,36,36
2018-06-01,2018-06,boleto,157,30624.68,29993.71,197.3270394736842,1.0,0,0.0,20.38961038961039,152,157,157
2018-06-01,2018-06,credit_card,549,104150.52,102438.15,191.1159514925373,4.471766848816029,423,77.04918032786885,71.2987012987013,536,2455,549
2018-06-01,2018-06,debit_card,21,3717.68,3717.68,177.03238095238095,1.0,0,0.0,2.727272727272727,21,21,21
2018-06-01,2018-06,voucher,43,7920.47,7862.32,187.19809523809522,1.0,0,0.0,5.584415584415584,42,43,43
2018-07-01,2018-07,boleto,153,29181.73,29007.21,192.1007284768212,1.0,0,0.0,19.367088607594937,151,153,153
2018-07-01,2018-07,credit_card,585,110616.85,109322.14,190.4566898954704,4.492307692307692,446,76.23931623931624,74.0506329113924,574,2628,585
2018-07-01,2018-07,debit_card,19,3535.22,3535.22,186.06421052631578,1.0,0,0.0,2.4050632911392404,19,19,19
2018-07-01,2018-07,voucher,33,5493.47,5312.33,171.36548387096775,1.0,0,0.0,4.177215189873418,31,33,33
2018-08-01,2018-08,boleto,184,38168.70,38168.70,207.43858695652173,1.0,0,0.0,22.71604938271605,184,184,184
2018-08-01,2018-08,credit_card,557,108980.62,108248.96,196.1031884057971,4.560143626570915,447,80.25134649910234,68.76543209876543,552,2540,557
2018-08-01,2018-08,debit_card,27,5277.42,5166.01,198.6926923076923,1.0,0,0.0,3.3333333333333335,26,27,27
2018-08-01,2018-08,not_defined,5,0.00,,,1.0,0,0.0,0.6172839506172839,0,5,5
2018-08-01,2018-08,voucher,37,6607.71,6607.71,178.58675675675676,1.0,0,0.0,4.567901234567901,37,37,37
