purchase_month,month_label,customer_state,orders,customers,gmv_brl,freight_brl,aov_brl,freight_share_pct,avg_delivery_days,late_delivery_rate_pct,avg_review_score,pct_of_month_gmv,orders_with_items,delivered_orders,late_orders,delivery_days_sum,delivery_days_n,review_score_sum,review_score_n
2017-01-01,2017-01,XA,29,27,4702.39,425.19,162.15137931034485,9.041997792611841,7.892857142857143,0.0,4.379310344827586,25.430572237764242,29,29,0,221,28,127.0,29
2017-01-01,2017-01,XB,15,13,1975.01,243.79,131.66733333333335,12.343734968430539,12.133333333333333,6.666666666666667,3.9285714285714284,10.680873869523106,15,15,1,182,15,55.0,14
2017-01-01,2017-01,XC,17,16,4819.19,388.93,283.4817647058823,8.070443373263972,15.294117647058824,5.882352941176471,3.5625,26.06222780809568,17,17,1,260,17,57.0,16
2017-01-01,2017-01,XD,10,10,1723.84,228.54,172.384,13.257610915166142,13.7,0.0,4.7,9.32254399280951,10,10,0,137,10,47.0,10
2017-01-01,2017-01,XE,11,11,1638.22,300.47,163.822,18.34124842817204,16.2,0.0,3.5454545454545454,8.859510174900452,10,10,0,162,10,39.0,11
2017-01-01,2017-01,XF,13,11,1763.97,276.99,176.397,15.702648004217759,22.1,30.0,3.923076923076923,9.539567434910543,10,10,3,221,10,51.0,13
2017-01-01,2017-01,XG,7,7,1159.94,182.88,193.32333333333335,15.76633274134869,23.833333333333332,16.666666666666668,4.714285714285714,6.272967142553521,6,6,1,143,6,33.0,7
2017-01-01,2017-01,XH,8,8,708.53,155.37,88.56625,21.928499851805853,30.375,25.0,3.857142857142857,3.8317373394429426,8,8,2,243,8,27.0,7
2017-02-01,2017-02,XA,63,63,10813.90,931.42,171.64920634920634,8.613173785590767,8.37704918032787,0.0,4.088709677419355,27.79996488338894,63,61,0,511,61,253.5,62
2017-02-01,2017-02,XB,42,41,6869.33,781.20,171.73325,11.372288127080807,13.131578947368421,5.2631578947368425,4.195121951219512,17.659413604010595,40,38,2,499,38,172.0,41
2017-02-01,2017-02,XC,34,32,4821.08,559.01,146.09333333333333,11.595119765695653,13.866666666666667,3.3333333333333335,4.117647058823529,12.393850017108422,33,30,1,416,30,140.0,34
2017-02-01,2017-02,XD,19,19,3622.62,455.72,190.66421052631577,12.579845526166146,15.61111111111111,11.11111111111111,3.7777777777777777,9.312894403116585,19,18,2,281,18,68.0,18
2017-02-01,2017-02,XE,29,29,4710.62,632.61,162.4351724137931,13.429442408854886,16.76923076923077,3.8461538461538463,4.344827586206897,12.109883629309465,29,26,1,436,26,126.0,29
2017-02-01,2017-02,XF,14,14,2273.86,269.75,162.41857142857143,11.863087437221289,21.857142857142858,14.285714285714286,3.6923076923076925,5.84555323701373,14,14,2,306,14,48.0,13
2017-02-01,2017-02,XG,12,12,2882.09,626.55,262.0081818181818,21.73943214819801,18.818181818181817,9.090909090909092,3.6666666666666665,7.409167903417494,11,11,1,207,11,44.0,12
2017-02-01,2017-02,XH,17,17,2905.47,534.60,181.591875,18.399776972400335,25.533333333333335,6.666666666666667,3.9375,7.4692723226347635,16,15,1,383,15,63.0,16
2017-03-01,2017-03,XA,109,107,20899.58,1655.59,197.1658490566038,7.921642444489314,8.631067961165048,0.0,3.981651376146789,29.420046039778107,106,103,0,889,103,434.0,109
2017-03-01,2017-03,XB,61,61,11351.30,1275.21,186.08688524590164,11.234043677816638,12.0,3.389830508474576,3.901639344262295,15.979066020050796,61,59,2,708,59,238.0,61
2017-03-01,2017-03,XC,35,35,7072.47,772.27,208.01382352941178,10.919381771856225,12.5625,3.125,4.352941176470588,9.95581695971639,34,32,1,402,32,148.0,34
2017-03-01,2017-03,XD,41,41,9740.20,893.65,237.5658536585366,9.17486293915936,13.487804878048781,0.0,4.341463414634147,13.711143115634224,41,41,0,553,41,178.0,41
2017-03-01,2017-03,XE,24,24,5224.70,670.30,217.69583333333333,12.829444752808774,18.0,4.3478260869565215,4.1875,7.354737011175759,24,23,1,414,23,100.5,24
2017-03-01,2017-03,XF,25,25,7194.04,863.83,299.75166666666667,12.007578495532414,18.217391304347824,13.043478260869565,3.84,10.12694934596797,24,23,3,419,23,96.0,25
2017-03-01,2017-03,XG,25,25,5994.50,999.81,249.77083333333334,16.678788889815664,17.90909090909091,0.0,3.96,8.438373689110014,24,22,0,394,22,99.0,25
2017-03-01,2017-03,XH,20,20,3561.78,634.24,187.4621052631579,17.806826923616843,25.8125,12.5,4.277777777777778,5.01386781856673,19,16,2,413,16,77.0,18
2017-04-01,2017-04,XA,108,108,17461.10,1638.93,163.1878504672897,9.38617841945811,8.427184466019417,0.970873786407767,4.0,30.8039899415255,107,103,1,868,103,424.0,106
2017-04-01,2017-04,XB,42,42,7590.95,877.22,185.1451219512195,11.556129338225123,12.75609756097561,4.878048780487805,4.285714285714286,13.391570258839534,41,41,2,523,41,180.0,42
2017-04-01,2017-04,XC,52,51,12669.75,1119.92,263.953125,8.839322007142998,12.695652173913043,4.25531914893617,4.38,22.35133247972022,48,47,2,584,46,219.0,50
2017-04-01,2017-04,XD,29,28,4102.01,559.09,157.7696153846154,13.629659605900521,12.73076923076923,0.0,4.551724137931035,7.236558680726702,26,26,0,331,26,132.0,29
2017-04-01,2017-04,XE,27,27,3159.77,479.40,117.02851851851852,15.171990366387426,16.40740740740741,3.7037037037037037,4.230769230769231,5.574306504030905,27,27,1,443,27,110.0,26
2017-04-01,2017-04,XF,21,21,5493.61,730.43,274.6805,13.295992980936033,19.42105263157895,15.789473684210526,3.9523809523809526,9.69154905376316,20,19,3,369,19,83.0,21
2017-04-01,2017-04,XG,18,18,3435.06,559.88,202.06235294117647,16.298987499490547,20.58823529411765,11.764705882352942,3.9444444444444446,6.059959205808145,17,17,2,350,17,71.0,18
2017-04-01,2017-04,XH,13,13,2772.29,506.89,213.25307692307692,18.284162190824194,22.75,8.333333333333334,3.8333333333333335,4.89073387558583,13,12,1,273,12,46.0,12
2017-05-01,2017-05,XA,166,164,28894.29,2572.16,177.2655828220859,8.901966443889087,8.763975155279503,1.2422360248447204,4.140243902439025,34.18082247266561,163,161,2,1411,161,679.0,164
2017-05-01,2017-05,XB,68,67,11359.01,1355.47,169.53746268656718,11.932994160582655,12.215384615384615,1.5384615384615385,4.253731343283582,13.437267511166857,67,65,1,794,65,285.0,67
2017-05-01,2017-05,XC,67,67,13917.01,1450.63,217.45328125,10.423431469834396,12.19047619047619,0.0,4.0,16.463282128071395,64,63,0,768,63,268.0,67
2017-05-01,2017-05,XD,41,41,7420.76,1032.07,180.99414634146342,13.907874665128638,14.025641025641026,2.5641025641025643,4.146341463414634,8.778470769562363,41,39,1,547,39,170.0,41
2017-05-01,2017-05,XE,42,42,10272.76,1118.03,250.55512195121952,10.883443203189795,16.55,5.0,3.975609756097561,12.152275964015741,41,40,2,662,40,163.0,41
2017-05-01,2017-05,XF,22,22,3842.18,604.07,174.64454545454544,15.722064036562577,19.181818181818183,13.636363636363637,3.727272727272727,4.5451496641040965,22,22,3,422,22,82.0,22
2017-05-01,2017-05,XG,27,26,4104.61,693.57,171.02541666666664,16.897342256633397,20.916666666666668,8.333333333333334,4.407407407407407,4.855594158206621,24,24,2,502,24,119.0,27
2017-05-01,2017-05,XH,27,27,4723.01,988.17,181.65423076923076,20.922462582124535,20.76923076923077,11.538461538461538,4.115384615384615,5.587137332207312,26,26,3,540,26,107.0,26
2017-06-01,2017-06,XA,130,129,25027.20,2261.34,198.62857142857143,9.035529344073648,8.59504132231405,0.8264462809917356,3.912,31.451807185763744,126,121,1,1040,121,489.0,125
2017-06-01,2017-06,XB,58,58,10359.08,1034.53,178.6048275862069,9.986697660409998,11.724137931034482,0.0,3.9298245614035086,13.018307552658767,58,58,0,680,58,224.0,57
2017-06-01,2017-06,XC,62,62,10841.61,1260.31,174.86467741935485,11.624749460642837,12.951612903225806,1.6129032258064515,4.183333333333334,13.624705412640969,62,62,1,803,62,251.0,60
2017-06-01,2017-06,XD,30,30,4479.62,614.96,154.46965517241378,13.72795013862783,13.964285714285714,0.0,4.333333333333333,5.629560818049602,29,28,0,391,28,130.0,30
2017-06-01,2017-06,XE,37,37,7085.69,880.34,202.4482857142857,12.424195808735636,17.34285714285714,2.857142857142857,4.333333333333333,8.904621997590395,35,35,1,607,35,156.0,36
2017-06-01,2017-06,XF,28,28,6835.44,910.77,244.12285714285713,13.324233699659423,19.678571428571427,14.285714285714286,4.185185185185185,8.590131573242589,28,28,4,551,28,113.0,27
2017-06-01,2017-06,XG,41,41,8109.19,1173.21,197.7851219512195,14.467659531963118,20.897435897435898,12.820512820512821,4.048780487804878,10.190859557310587,41,39,5,815,39,166.0,41
2017-06-01,2017-06,XH,24,24,6835.34,1213.15,284.80583333333334,17.748202722907713,22.333333333333332,4.166666666666667,3.8333333333333335,8.59000590274335,24,24,1,536,24,92.0,24
2017-07-01,2017-07,XA,150,148,31801.86,2433.90,217.8209589041096,7.653325937539503,8.930555555555555,0.6944444444444444,3.891891891891892,31.72657917293845,146,144,1,1286,144,576.0,148
2017-07-01,2017-07,XB,89,88,17566.03,1867.76,197.3711235955056,10.632795230339468,11.704545454545455,1.1363636363636365,4.3023255813953485,17.52444798980978,89,88,1,1030,88,370.0,86
2017-07-01,2017-07,XC,79,79,13270.00,1409.51,167.9746835443038,10.621778447626225,13.381578947368421,3.9473684210526314,3.9936708860759493,13.238587479628338,79,76,3,1017,76,315.5,79
2017-07-01,2017-07,XD,65,65,14169.91,1652.48,221.40484375,11.661894817962853,14.17741935483871,1.5873015873015872,3.953125,14.136367227841777,64,63,1,879,62,253.0,64
2017-07-01,2017-07,XE,40,40,7797.15,1045.21,199.92692307692306,13.405026195468858,17.23076923076923,7.6923076923076925,4.175,7.778692717918922,39,39,3,672,39,167.0,40
2017-07-01,2017-07,XF,34,34,7748.41,979.45,227.89441176470586,12.640657889812232,18.483870967741936,0.0,4.294117647058823,7.7300680944255475,34,31,0,573,31,146.0,34
2017-07-01,2017-07,XG,23,23,3957.16,644.17,172.05043478260868,16.278593738944092,23.238095238095237,9.523809523809524,3.727272727272727,3.9477926775347454,23,21,2,488,21,82.0,22
2017-07-01,2017-07,XH,20,20,3926.76,546.89,206.67157894736843,13.927258095732869,24.842105263157894,15.789473684210526,4.05,3.9174646399024393,19,19,3,472,19,81.0,20
2017-08-01,2017-08,XA,186,186,32747.33,2902.50,178.94715846994538,8.863318017071926,8.28735632183908,0.5747126436781609,4.0271739130434785,32.652562467949274,183,174,1,1442,174,741.0,184
2017-08-01,2017-08,XB,84,84,19053.96,2082.53,226.83285714285714,10.929644021505242,11.865853658536585,3.658536585365854,3.9036144578313254,18.99881972551065,84,82,3,973,82,324.0,83
2017-08-01,2017-08,XC,77,77,11108.54,1392.77,146.16500000000002,12.53783125415221,12.513513513513514,0.0,4.181818181818182,11.076392984640679,76,74,0,926,74,322.0,77
2017-08-01,2017-08,XD,56,54,10155.68,1363.66,181.35142857142858,13.42755974981488,15.25925925925926,1.8181818181818181,4.017857142857143,10.126290467177112,56,55,1,824,54,225.0,56
2017-08-01,2017-08,XE,44,43,8418.23,1169.11,191.32340909090908,13.887836279122808,17.627906976744185,4.651162790697675,3.9545454545454546,8.393868475523488,44,43,2,758,43,174.0,44
2017-08-01,2017-08,XF,31,30,6229.34,935.78,200.94645161290322,15.022137176651137,19.366666666666667,6.666666666666667,4.290322580645161,6.211312906551316,31,30,2,581,30,133.0,31
2017-08-01,2017-08,XG,32,32,5560.06,941.23,179.3567741935484,16.928414441570773,20.64516129032258,12.903225806451612,3.640625,5.543969736633369,31,31,4,640,31,116.5,32
2017-08-01,2017-08,XH,30,30,7017.09,1096.36,233.903,15.624140491286274,23.8,6.666666666666667,3.7333333333333334,6.9967832360141164,30,30,2,714,30,112.0,30
2017-09-01,2017-09,XA,166,165,30345.02,2687.84,187.31493827160494,8.857598380228453,8.923076923076923,0.6410256410256411,4.204268292682927,32.508830515278284,162,156,1,1392,156,689.5,164
2017-09-01,2017-09,XB,91,91,17056.75,1911.02,187.4368131868132,11.203892886980228,11.494252873563218,1.1494252873563218,4.112359550561798,18.273014645944308,91,87,1,1000,87,366.0,89
2017-09-01,2017-09,XC,79,77,12161.87,1399.25,155.92141025641027,11.505220825415828,14.346666666666666,8.0,4.0,13.029095732309536,78,75,6,1076,75,312.0,78
2017-09-01,2017-09,XD,49,48,8029.39,960.86,167.27895833333335,11.966787016199238,15.8125,10.416666666666666,4.163265306122449,8.601941229601112,48,48,5,759,48,204.0,49
2017-09-01,2017-09,XE,52,52,8138.11,1155.49,166.0838775510204,14.198505549814392,17.489795918367346,8.16326530612245,4.173076923076923,8.718413720099422,49,49,4,857,49,217.0,52
2017-09-01,2017-09,XF,30,30,4441.48,739.24,148.04933333333332,16.644001549033206,18.551724137931036,6.896551724137931,4.066666666666666,4.758188347115876,30,29,2,538,29,122.0,30
2017-09-01,2017-09,XG,35,35,8707.14,1191.97,248.77542857142856,13.689569709456837,20.34285714285714,8.571428571428571,4.085714285714285,9.328019508070852,35,35,3,712,35,143.0,35
2017-09-01,2017-09,XH,28,28,4464.17,796.46,159.43464285714285,17.841166443034204,23.692307692307693,11.538461538461538,3.6785714285714284,4.7824963015806174,28,26,3,616,26,103.0,28
2017-10-01,2017-10,XA,188,188,34267.32,3099.67,184.23290322580644,9.045557108055139,8.51685393258427,0.5617977528089888,4.145161290322581,31.828248140056733,186,178,1,1516,178,771.0,186
2017-10-01,2017-10,XB,111,110,20799.43,2100.81,192.58731481481482,10.100324864671773,11.075471698113208,0.0,4.385321100917431,19.318972689190172,108,106,0,1174,106,478.0,109
2017-10-01,2017-10,XC,66,66,11544.48,1352.75,177.6073846153846,11.717721369866812,12.952380952380953,1.5873015873015872,4.181818181818182,10.722769510073217,65,63,1,816,63,276.0,66
2017-10-01,2017-10,XD,58,58,9079.09,1202.50,159.2822807017544,13.244719459769646,15.166666666666666,5.555555555555555,4.298245614035087,8.43286050399937,57,54,3,819,54,245.0,57
2017-10-01,2017-10,XE,52,52,9568.05,1483.37,187.60882352941175,15.503367979891411,18.244897959183675,6.122448979591836,4.230769230769231,8.88701741532369,51,49,3,894,49,220.0,52
2017-10-01,2017-10,XF,32,32,6703.10,871.17,216.22903225806454,12.996523996359892,18.387096774193548,9.67741935483871,4.0,6.225988204143606,31,31,3,570,31,128.0,32
2017-10-01,2017-10,XG,39,39,8849.35,1371.98,226.90641025641025,15.503737562645844,20.57894736842105,7.894736842105263,3.8974358974358974,8.219472887818803,39,38,3,782,38,152.0,39
2017-10-01,2017-10,XH,34,34,6852.41,916.14,201.54147058823528,13.369602811273698,23.666666666666668,18.181818181818183,4.044117647058823,6.364670649394413,34,33,6,781,33,137.5,34
2017-11-01,2017-11,XA,320,319,57963.07,4863.03,182.84880126182966,8.389876519652944,12.080906148867314,4.207119741100324,4.138801261829653,32.6262069467062,317,309,13,3733,309,1312.0,317
2017-11-01,2017-11,XB,172,172,33719.55,3533.52,196.04389534883722,10.479143404938677,17.21764705882353,15.294117647058824,3.9011976047904193,18.980033605014487,172,170,26,2927,170,651.5,167
2017-11-01,2017-11,XC,124,123,22618.55,2495.06,183.89065040650405,11.031034261701127,19.058333333333334,15.833333333333334,3.9834710743801653,12.73151151473553,123,120,19,2287,120,482.0,121
2017-11-01,2017-11,XD,97,97,19612.31,2450.24,202.18876288659794,12.49337788358434,21.152173913043477,20.652173913043477,3.6391752577319587,11.039361523862617,97,92,19,1946,92,353.0,97
2017-11-01,2017-11,XE,80,80,12903.67,1804.17,163.33759493670885,13.981836175289665,24.30263157894737,36.36363636363637,3.9,7.263207552533094,79,77,28,1847,76,312.0,80
2017-11-01,2017-11,XF,64,64,12758.09,1606.04,199.34515625,12.588404690670782,29.333333333333332,52.38095238095238,3.634920634920635,7.181263597402673,64,63,33,1848,63,229.0,63
2017-11-01,2017-11,XG,49,49,8710.24,1621.75,177.76,18.61888995021951,30.918367346938776,40.816326530612244,3.6666666666666665,4.902812994471794,49,49,20,1515,49,176.0,48
2017-11-01,2017-11,XH,34,34,9372.53,1536.65,275.66264705882355,16.39525293597353,40.8235294117647,61.76470588235294,3.5588235294117645,5.2756022652736005,34,34,21,1388,34,121.0,34
2017-12-01,2017-12,XA,253,253,49145.38,4081.90,198.16685483870967,8.30576546564499,8.40983606557377,0.0,4.032388663967612,35.77254413502228,248,245,0,2052,244,996.0,247
2017-12-01,2017-12,XB,120,120,22078.76,2428.13,187.10813559322034,10.997583197607113,11.938053097345133,1.7543859649122806,4.299145299145299,16.070959600812213,118,114,2,1349,113,503.0,117
2017-12-01,2017-12,XC,85,85,14459.14,1663.27,174.20650602409637,11.503242931460655,12.949367088607595,0.0,4.141176470588236,10.524696803737523,83,80,0,1023,79,352.0,85
2017-12-01,2017-12,XD,67,67,15753.77,1814.29,242.3656923076923,11.516544928610738,14.476923076923077,1.5384615384615385,4.046153846153846,11.467048024005306,65,65,1,941,65,263.0,65
2017-12-01,2017-12,XE,65,65,14876.92,1936.61,232.451875,13.017546642719058,17.047619047619047,7.936507936507937,4.061538461538461,10.828795652677742,64,63,5,1074,63,264.0,65
2017-12-01,2017-12,XF,48,48,10923.99,1579.14,237.47804347826087,14.455707118003588,19.68888888888889,11.11111111111111,4.083333333333333,7.951488306846788,46,45,5,886,45,196.0,48
2017-12-01,2017-12,XG,39,38,6571.18,1088.45,177.59945945945947,16.563996116374835,20.97142857142857,8.571428571428571,4.410256410256411,4.78311138441041,37,35,3,734,35,172.0,39
2017-12-01,2017-12,XH,23,23,3573.82,682.41,170.18190476190478,19.09469419276852,26.3,25.0,4.521739130434782,2.6013560924877437,21,20,5,526,20,104.0,23
2018-01-01,2018-01,XA,316,316,47140.08,4315.63,152.0647741935484,9.154905973854945,8.591362126245848,0.33222591362126247,4.170967741935484,29.63527177270929,310,301,1,2586,301,1293.0,310
2018-01-01,2018-01,XB,150,150,30995.03,3066.00,210.85054421768706,9.89190847693969,11.517482517482517,2.097902097902098,4.12751677852349,19.485459881554668,147,143,3,1647,143,615.0,149
2018-01-01,2018-01,XC,119,119,22147.12,2317.49,187.68745762711865,10.464069368838928,12.318181818181818,0.9090909090909091,4.076923076923077,13.92309729179088,118,110,1,1355,110,477.0,117
2018-01-01,2018-01,XD,74,73,12851.38,1617.29,183.59114285714284,12.584562902972289,14.742857142857142,4.285714285714286,4.068493150684931,8.079200097970999,70,70,3,1032,70,297.0,73
2018-01-01,2018-01,XE,81,81,14767.23,2048.70,182.31148148148148,13.873285646664947,16.857142857142858,5.128205128205129,4.037974683544304,9.283626043487958,81,78,4,1298,77,319.0,79
2018-01-01,2018-01,XF,58,57,9603.69,1446.49,165.58086206896553,15.061814781609984,19.375,10.714285714285714,4.043103448275862,6.037494276014179,58,56,6,1085,56,234.5,58
2018-01-01,2018-01,XG,56,56,11221.14,1751.46,204.02072727272727,15.608574529860602,21.25925925925926,11.11111111111111,3.981818181818182,7.054326880642102,55,54,6,1148,54,219.0,55
2018-01-01,2018-01,XH,46,46,10341.81,1782.66,229.81799999999998,17.237408151957926,23.2,8.88888888888889,4.217391304347826,6.501523755829916,45,45,4,1044,45,194.0,46
2018-02-01,2018-02,XA,322,321,54493.81,5089.84,170.82699059561128,9.340216806275796,11.276315789473685,3.289473684210526,4.1545741324921135,37.01773405218843,319,304,10,3428,304,1317.0,317
2018-02-01,2018-02,XB,130,129,24642.57,2542.68,191.02767441860465,10.318241969080335,15.387096774193548,9.67741935483871,4.063492063492063,16.73973801102248,129,124,12,1908,124,512.0,126
2018-02-01,2018-02,XC,93,92,15308.57,1842.28,166.3975,12.034304967740292,16.426966292134832,5.617977528089888,4.193548387096774,10.399136580454005,92,89,5,1462,89,390.0,93
2018-02-01,2018-02,XD,87,87,14912.03,1667.61,173.3956976744186,11.18298447629196,20.576470588235296,21.176470588235293,3.75,10.129766311407764,86,85,18,1749,85,322.5,86
2018-02-01,2018-02,XE,64,64,12457.66,1565.78,194.6509375,12.56881308367703,24.046875,31.25,3.8852459016393444,8.46250876553843,64,64,20,1539,64,237.0,61
2018-02-01,2018-02,XF,70,69,13754.15,1915.92,196.48785714285714,13.929759381713883,25.70149253731343,31.34328358208955,3.7941176470588234,9.34321653806015,70,67,21,1722,67,258.0,68
2018-02-01,2018-02,XG,46,46,7485.11,1134.51,162.71978260869565,15.15689148188871,27.955555555555556,35.55555555555556,3.9,5.0846474366790675,46,45,16,1258,45,175.5,45
2018-02-01,2018-02,XH,28,28,4156.11,867.55,148.43249999999998,20.874086585773718,33.81481481481482,51.851851851851855,3.25,2.8232523046496634,28,27,14,913,27,91.0,28
2018-03-01,2018-03,XA,303,302,51361.03,4687.86,176.49838487972508,9.127270228030863,13.75886524822695,10.247349823321555,4.006666666666667,30.074709795996135,291,283,29,3880,282,1202.0,300
2018-03-01,2018-03,XB,145,145,24632.08,2543.51,174.69560283687946,10.3260057615922,18.48905109489051,23.357664233576642,3.8819444444444446,14.423438503311957,141,137,32,2533,137,559.0,144
2018-03-01,2018-03,XC,125,125,22448.80,2542.78,181.03870967741935,11.327019707066748,20.277310924369747,21.84873949579832,4.138211382113822,13.145007903236326,124,119,26,2413,119,509.0,123
2018-03-01,2018-03,XD,89,89,18930.69,2037.56,212.7043820224719,10.763263251365904,23.0,32.55813953488372,3.8181818181818183,11.084960873798016,89,86,28,1978,86,336.0,88
2018-03-01,2018-03,XE,71,71,14114.98,1858.46,198.8025352112676,13.166579052892743,25.788732394366196,39.436619718309856,3.5942028985507246,8.265097629005679,71,71,28,1831,71,248.0,69
2018-03-01,2018-03,XF,61,59,15036.14,1799.88,250.60233333333332,11.970359414051746,30.142857142857142,47.36842105263158,3.466666666666667,8.804487506422074,60,57,27,1688,56,208.0,60
2018-03-01,2018-03,XG,64,64,14679.91,2461.95,229.37359375,16.77087938550032,32.622950819672134,45.90163934426229,3.796875,8.595895235771978,64,61,28,1990,61,243.0,64
2018-03-01,2018-03,XH,42,42,9574.51,1705.41,227.96452380952383,17.81198202310092,35.785714285714285,50.0,3.8658536585365852,5.606402552457826,42,42,21,1503,42,158.5,41
2018-04-01,2018-04,XA,286,285,55019.55,4651.90,195.10478723404256,8.454994633725647,8.032967032967033,0.3663003663003663,4.176678445229682,33.76721469999162,282,273,1,2193,273,1182.0,283
2018-04-01,2018-04,XB,138,138,24697.64,2931.80,180.27474452554745,11.870769838737628,11.541984732824428,0.0,4.065217391304348,15.157712348848746,137,131,0,1512,131,561.0,138
2018-04-01,2018-04,XC,116,115,23047.05,2666.46,202.16710526315788,11.569636894960526,12.428571428571429,0.8928571428571429,3.965217391304348,14.14469375978978,114,112,1,1392,112,456.0,115
2018-04-01,2018-04,XD,86,86,16110.59,1953.99,187.3324418604651,12.128606090776316,14.301204819277109,3.6144578313253013,4.176470588235294,9.887571808085271,86,83,3,1187,83,355.0,85
2018-04-01,2018-04,XE,68,67,14195.50,1745.31,208.75735294117646,12.294811736113557,15.925373134328359,0.0,4.139705882352941,8.71222131540027,68,67,0,1067,67,281.5,68
2018-04-01,2018-04,XF,76,76,14648.21,2142.06,200.6604109589041,14.62335671047862,20.185714285714287,10.0,3.9864864864864864,8.990063569050713,73,70,7,1413,70,295.0,74
2018-04-01,2018-04,XG,56,56,8635.90,1376.05,154.2125,15.934065934065934,21.696428571428573,14.285714285714286,4.037037037037037,5.300121310109908,56,56,8,1215,56,218.0,54
2018-04-01,2018-04,XH,44,44,6583.34,1234.33,153.10093023255814,18.749297469065855,22.829268292682926,9.75609756097561,4.095238095238095,4.0404011887236955,43,41,4,936,41,172.0,42
2018-05-01,2018-05,XA,320,318,58168.70,5094.59,183.497476340694,8.75830128574302,8.508196721311476,0.6557377049180327,4.227848101265823,38.45071551856513,317,305,2,2595,305,1336.0,316
2018-05-01,2018-05,XB,132,132,21286.97,2196.41,163.74592307692308,10.318095999571568,12.056,0.7936507936507936,4.209302325581396,14.07112807613425,130,126,1,1507,125,543.0,129
2018-05-01,2018-05,XC,109,109,17064.79,2160.51,160.9885849056604,12.660630456044286,12.951923076923077,2.857142857142857,4.220183486238532,11.280179644276991,106,105,3,1347,104,460.0,109
2018-05-01,2018-05,XD,74,73,10701.17,1515.88,144.6104054054054,14.165553859998486,13.972602739726028,2.73972602739726,4.135135135135135,7.07369501786706,74,73,2,1020,73,306.0,74
2018-05-01,2018-05,XE,67,67,13809.91,1765.77,206.11805970149254,12.786252770655276,16.5625,3.125,4.061538461538461,9.128636547610446,67,64,2,1060,64,264.0,65
2018-05-01,2018-05,XF,56,56,8136.14,1334.49,147.92981818181818,16.402003898654645,18.925925925925927,11.11111111111111,4.2592592592592595,5.378157059711125,55,54,6,1022,54,230.0,54
2018-05-01,2018-05,XG,58,58,11941.44,1762.13,205.88689655172413,14.756428035479807,19.96551724137931,3.4482758620689653,4.160714285714286,7.893539176945924,58,58,2,1158,58,233.0,56
2018-05-01,2018-05,XH,44,44,10172.07,1581.80,242.19214285714284,15.550423856697801,23.928571428571427,11.904761904761905,4.0,6.723948958889072,42,42,5,1005,42,176.0,44
2018-06-01,2018-06,XA,266,265,47517.47,4013.52,182.05927203065136,8.446409289046745,8.298039215686275,0.0,4.14367816091954,32.99552550741307,261,255,0,2116,255,1081.5,261
2018-06-01,2018-06,XB,119,119,20148.01,2139.99,176.7369298245614,10.621346723572204,11.63716814159292,1.7543859649122806,4.104347826086957,13.990521336228836,114,114,2,1315,113,472.0,115
2018-06-01,2018-06,XC,92,91,17200.99,1887.46,189.02186813186816,10.972973067247873,12.465909090909092,2.272727272727273,4.0271739130434785,11.944148211126501,91,88,2,1097,88,370.5,92
2018-06-01,2018-06,XD,82,82,16947.82,1649.39,217.2797435897436,9.732166142902155,15.192307692307692,6.410256410256411,3.962962962962963,11.76835019004685,78,78,5,1185,78,321.0,81
2018-06-01,2018-06,XE,74,74,13107.74,1832.06,179.5580821917808,13.97693271303825,15.985507246376812,1.4492753623188406,3.97972972972973,9.101847583942046,73,69,1,1103,69,294.5,74
2018-06-01,2018-06,XF,48,48,8906.14,1348.08,193.61173913043476,15.136523791451742,20.0,10.869565217391305,3.9583333333333335,6.184310097793335,46,46,5,920,46,190.0,48
2018-06-01,2018-06,XG,51,51,14081.32,2084.16,276.1043137254902,14.80088514429045,21.725490196078432,5.882352941176471,4.411764705882353,9.777889126631655,51,51,3,1108,51,225.0,51
2018-06-01,2018-06,XH,38,38,6102.37,1330.10,164.92891891891892,21.796449576148284,22.594594594594593,10.81081081081081,4.108108108108108,4.237407946817714,37,37,4,836,37,152.0,37
2018-07-01,2018-07,XA,273,273,50162.98,3948.79,188.58263157894737,7.871920687327586,8.2890625,0.7751937984496124,4.176691729323308,34.08346010820992,266,258,2,2122,256,1111.0,266
2018-07-01,2018-07,XB,120,120,21597.46,2259.59,181.49126050420168,10.462295103220471,11.482456140350877,0.8771929824561403,4.012711864406779,14.674490358201593,119,114,1,1309,114,473.5,118
2018-07-01,2018-07,XC,98,98,18586.16,1953.25,191.6098969072165,10.509163807908681,12.670212765957446,2.127659574468085,4.051546391752577,12.62844916559596,97,94,2,1191,94,393.0,97
2018-07-01,2018-07,XD,80,80,15024.64,1715.87,192.62358974358975,11.420373466518999,16.226666666666667,5.333333333333333,4.329113924050633,10.208558544173712,78,75,4,1217,75,342.0,79
2018-07-01,2018-07,XE,87,87,17872.56,2394.47,205.43172413793104,13.397465164475598,17.04705882352941,7.0588235294117645,3.947674418604651,12.14359046834116,87,85,6,1449,85,339.5,86
2018-07-01,2018-07,XF,48,48,8613.96,1244.50,183.27574468085103,14.447478279444066,20.755555555555556,15.217391304347826,4.212765957446808,5.852793475063002,47,46,7,934,45,198.0,47
2018-07-01,2018-07,XG,46,45,8140.00,1270.02,180.88888888888889,15.602211302211302,21.931818181818183,17.77777777777778,4.022222222222222,5.53075924278878,45,45,8,965,44,181.0,45
2018-07-01,2018-07,XH,38,38,7179.14,1371.24,199.42055555555555,19.10033792348387,23.914285714285715,11.428571428571429,3.945945945945946,4.8778986376258775,36,35,4,837,35,146.0,37
2018-08-01,2018-08,XA,282,282,55178.64,4497.99,197.06657142857142,8.151686957126888,8.524528301886793,0.7547169811320755,3.9819494584837547,34.88093978319173,280,265,2,2259,265,1103.0,277
2018-08-01,2018-08,XB,128,128,24590.26,2672.83,196.72207999999998,10.869466203285366,11.491803278688524,0.819672131147541,4.063492063492063,15.544627020764342,125,122,1,1402,122,512.0,126
2018-08-01,2018-08,XC,105,105,20776.59,2343.05,197.8722857142857,11.277355908741521,13.647058823529411,4.854368932038835,4.083333333333333,13.133831944572453,105,103,5,1392,102,416.5,102
2018-08-01,2018-08,XD,76,76,12523.36,1519.15,171.55287671232878,12.130530464667629,15.557142857142857,5.714285714285714,4.157894736842105,7.916588122563947,73,70,4,1089,70,316.0,76
2018-08-01,2018-08,XE,66,66,12753.85,1705.25,193.24015151515152,13.370472445575258,18.26153846153846,9.23076923076923,4.03125,8.062291384018522,66,65,6,1187,65,258.0,64
2018-08-01,2018-08,XF,64,64,11763.16,1810.92,186.71682539682539,15.394842882354741,18.967741935483872,8.064516129032258,4.03125,7.436030964519053,63,62,5,1176,62,258.0,64
2018-08-01,2018-08,XG,51,51,10472.64,1343.35,213.7273469387755,12.827233629724693,20.854166666666668,10.416666666666666,4.26530612244898,6.620234301009321,49,48,5,1001,48,209.0,49
2018-08-01,2018-08,XH,38,38,10132.88,1460.34,266.65473684210525,14.411894742659541,25.676470588235293,11.764705882352942,4.078947368421052,6.405456479360632,38,34,4,873,34,155.0,38
