purchase_month,month_label,primary_payment_type,orders,payment_brl,gmv_brl,aov_brl,avg_installments,installment_orders,installment_rate_pct,pct_of_month_orders
2017-01-01,2017-01,boleto,197,24074.43,23685.12,122.72082901554404,1.0,0,0.0,24.625
2017-01-01,2017-01,credit_card,565,108986.78,108118.56,193.4142397137746,3.8601769911504427,375,66.3716814159292,70.625
2017-01-01,2017-01,voucher,29,4683.30,4641.28,165.76,1.4482758620689655,5,17.24137931034483,3.625
2017-01-01,2017-01,debit_card,9,743.53,743.53,82.61444444444444,1.0,0,0.0,1.125
2017-08-01,2017-08,boleto,938,134289.81,133026.89,143.34794181034485,1.0,0,0.0,21.65781574694066
2017-08-01,2017-08,credit_card,3200,521851.70,517312.70,162.93313385826772,3.903125,2377,74.28125,73.88593858231356
2017-08-01,2017-08,voucher,159,15117.97,14728.17,94.41134615384615,1.1257861635220126,11,6.918238993710692,3.671207573308705
2017-08-01,2017-08,debit_card,34,3136.84,3136.84,92.26,1.0,0,0.0,0.7850380974370815
2017-04-01,2017-04,credit_card,1790,322291.47,319025.37,178.9261749859787,3.9033519553072624,1285,71.7877094972067,74.45923460898503
2017-04-01,2017-04,boleto,496,81307.24,79236.41,161.37761710794297,1.0,0,0.0,20.632279534109816
2017-04-01,2017-04,debit_card,27,2790.00,2790.00,103.33333333333333,1.0,0,0.0,1.1231281198003327
2017-04-01,2017-04,voucher,91,11399.32,11370.46,126.33844444444443,1.164835164835165,9,9.89010989010989,3.7853577371048255
2017-07-01,2017-07,credit_card,2985,454002.44,448907.79,152.43048896434635,4.050586264656617,2313,77.48743718592965,74.14307004470939
2017-07-01,2017-07,boleto,845,116775.48,115387.49,138.5203961584634,1.0,0,0.0,20.98857426726279
2017-07-01,2017-07,voucher,174,19259.97,18331.31,108.4692899408284,1.1954022988505748,17,9.770114942528735,4.321907600596125
2017-07-01,2017-07,debit_card,22,2345.03,2345.03,106.59227272727274,1.0,0,0.0,0.546448087431694
2017-11-01,2017-11,credit_card,5754,942174.85,930822.42,163.61793285287396,3.741049704553354,3967,68.943343760862,76.27253446447509
2017-11-01,2017-11,boleto,1509,226292.34,222419.83,149.5762138533961,1.0,0,0.0,20.002651113467657
2017-11-01,2017-11,voucher,211,20247.51,19857.46,95.92975845410628,1.1184834123222749,15,7.109004739336493,2.7969247083775186
2017-11-01,2017-11,debit_card,70,6168.10,6044.06,88.88323529411765,1.0,0,0.0,0.9278897136797455
2018-06-01,2018-06,voucher,192,23632.42,23632.42,123.08552083333332,1.1770833333333333,14,7.291666666666667,3.113345224582455
2018-06-01,2018-06,debit_card,181,35672.62,35649.33,198.05183333333335,1.0,0,0.0,2.9349764877574187
2018-06-01,2018-06,credit_card,4694,811225.18,810199.60,172.7872894007251,3.4605879846612697,3113,66.31870472944185,76.11480460515648
2018-06-01,2018-06,boleto,1100,153350.28,153195.76,139.39559599636033,1.0,0,0.0,17.836873682503647
2017-09-01,2017-09,debit_card,43,4690.36,4690.36,109.07813953488372,1.0,0,0.0,1.0035005834305717
2017-09-01,2017-09,voucher,141,17467.24,17359.40,123.9957142857143,1.1914893617021276,8,5.673758865248227,3.290548424737456
2017-09-01,2017-09,boleto,903,131042.24,129807.95,146.18012387387387,1.0,0,0.0,21.073512252042008
2017-09-01,2017-09,credit_card,3198,574562.61,568541.20,179.2374527112232,3.7817385866166355,2293,71.7010631644778,74.63243873978996
2017-03-01,2017-03,boleto,590,82160.53,79289.01,135.76885273972601,1.0,0,0.0,21.998508575689783
2017-03-01,2017-03,credit_card,1961,354569.49,339625.99,176.337481827622,3.7134115247322796,1333,67.97552269250383,73.11707680835198
2017-03-01,2017-03,voucher,100,9540.78,9540.78,95.40780000000001,1.11,9,9.0,3.7285607755406414
2017-03-01,2017-03,debit_card,31,3592.80,3592.81,115.89709677419354,1.0,0,0.0,1.1558538404175989
2018-03-01,2018-03,voucher,225,26576.58,26574.78,118.11013333333332,1.1422222222222222,14,6.222222222222222,3.1202329773956454
2018-03-01,2018-03,debit_card,78,8375.11,8375.12,107.37333333333335,1.0,0,0.0,1.0816807654971572
2018-03-01,2018-03,credit_card,5556,933162.41,929050.63,167.7592325749368,3.4528437724982,3695,66.50467962562995,77.0489529884898
2018-03-01,2018-03,boleto,1352,191538.02,191126.29,141.89034149962882,1.0,0,0.0,18.74913326861739
2017-02-01,2017-02,credit_card,1314,226241.06,222908.63,173.8756864274571,3.487062404870624,834,63.470319634703195,73.82022471910112
2017-02-01,2017-02,boleto,398,57476.74,56017.36,145.49963636363637,1.0,0,0.0,22.359550561797754
2017-02-01,2017-02,voucher,55,6679.89,5844.31,110.27000000000001,1.2363636363636363,3,5.454545454545454,3.0898876404494384
2017-02-01,2017-02,debit_card,13,1510.32,1510.32,116.17846153846153,1.0,0,0.0,0.7303370786516854
2018-04-01,2018-04,voucher,207,23005.86,23005.86,111.13942028985508,1.1594202898550725,17,8.21256038647343,2.9831387808041505
2018-04-01,2018-04,debit_card,96,10732.53,10732.53,111.7971875,1.0,0,0.0,1.3834846519671422
2018-04-01,2018-04,boleto,1287,193547.09,193547.09,150.3862393162393,1.0,0,0.0,18.547341115434502
2018-04-01,2018-04,credit_card,5349,933500.00,932412.56,174.47839820359283,3.267152738829688,3423,63.993269770050475,77.0860354517942
2018-02-01,2018-02,debit_card,69,7469.53,7469.54,108.25420289855073,1.0,0,0.0,1.025564803804994
2018-02-01,2018-02,voucher,180,23198.20,23198.20,128.8788888888889,1.0666666666666667,8,4.444444444444445,2.67538644470868
2018-02-01,2018-02,credit_card,5154,778682.89,774636.63,151.17810889929743,3.154637175009701,3239,62.84439270469538,76.6052318668252
2018-02-01,2018-02,boleto,1325,183112.72,181604.59,137.47508705526116,1.0,0,0.0,19.693816884661118
2018-08-01,2018-08,debit_card,277,46001.33,45984.21,166.60945652173913,1.0,0,0.0,4.253685503685504
2018-08-01,2018-08,voucher,203,34902.44,17316.23,113.92256578947368,1.103448275862069,10,4.926108374384237,3.1173218673218672
2018-08-01,2018-08,not_defined,2,0.00,,,1.0,0,0.0,0.030712530712530713
2018-08-01,2018-08,credit_card,4891,797715.65,796621.92,163.04173557101925,3.3584134123901044,3207,65.56941320793294,75.10749385749386
2018-08-01,2018-08,boleto,1139,143805.90,143386.11,125.99833919156414,1.0,0,0.0,17.490786240786242
2017-05-01,2017-05,voucher,139,17366.19,17365.83,124.93402877697844,1.223021582733813,9,6.474820143884892,3.7567567567567566
2017-05-01,2017-05,debit_card,30,3023.41,3023.41,100.78033333333333,1.0,0,0.0,0.8108108108108109
2017-05-01,2017-05,credit_card,2759,443876.32,438821.22,160.7403736263736,4.162740123233055,2123,76.94816962667633,74.56756756756756
2017-05-01,2017-05,boleto,772,128652.90,126980.49,166.8600394218134,1.0,0,0.0,20.864864864864863
2018-05-01,2018-05,boleto,1263,195378.93,195094.29,154.8367380952381,1.0,0,0.0,18.376254910519425
2018-05-01,2018-05,credit_card,5390,926764.03,923042.98,171.7289265116279,3.4012987012987015,3509,65.10204081632654,78.42281390950095
2018-05-01,2018-05,debit_card,51,9710.74,9561.79,191.2358,1.0,0,0.0,0.7420340462680053
2018-05-01,2018-05,voucher,169,22128.45,22082.76,131.445,1.1479289940828403,7,4.1420118343195265,2.458897133711625
2017-06-01,2017-06,boleto,707,107774.16,107099.57,152.34647226173544,1.0,0,0.0,21.787365177195685
2017-06-01,2017-06,credit_card,2389,387996.22,380440.97,160.795,4.073670992046882,1845,77.22896609460025,73.62095531587057
2017-06-01,2017-06,voucher,122,13081.83,12998.33,107.42421487603306,1.0573770491803278,6,4.918032786885246,3.7596302003081665
2017-06-01,2017-06,debit_card,27,2424.17,2424.17,89.78407407407407,1.0,0,0.0,0.8320493066255779
2017-10-01,2017-10,credit_card,3418,613828.44,606663.93,179.5394880142054,3.617320070216501,2436,71.26974839087185,73.80695314187001
2017-10-01,2017-10,voucher,168,19439.42,18996.44,116.54257668711655,1.2380952380952381,12,7.142857142857143,3.627726193046858
2017-10-01,2017-10,debit_card,52,5776.57,5776.58,111.08807692307693,1.0,0,0.0,1.1228676311811703
2017-10-01,2017-10,boleto,993,140633.45,137875.42,141.5558726899384,1.0,0,0.0,21.442453033901966
2017-12-01,2017-12,credit_card,4271,683383.69,671050.28,158.5657561436673,3.56708030906111,2866,67.10372278154999,75.28644456196017
2017-12-01,2017-12,voucher,178,22308.40,20905.31,119.4589142857143,1.2078651685393258,15,8.426966292134832,3.1376696633174688
2017-12-01,2017-12,debit_card,64,7125.34,6951.66,110.34380952380953,1.0,0,0.0,1.1281508901815618
2017-12-01,2017-12,boleto,1160,165584.05,164639.98,142.6689601386482,1.0,0,0.0,20.447734884540807
2018-07-01,2018-07,debit_card,242,44866.18,42521.16,176.43634854771787,1.0,0,0.0,3.8461538461538463
2018-07-01,2018-07,voucher,170,19670.07,19670.08,115.70635294117648,1.1352941176470588,13,7.647058823529412,2.70184361093452
2018-07-01,2018-07,boleto,1229,198041.24,197109.76,161.56537704918034,1.0,0,0.0,19.532739987285442
2018-07-01,2018-07,credit_card,4651,803963.26,799427.03,172.2160771219302,3.3773382068372393,3051,65.59879595785853,73.91926255562619
2018-01-01,2018-01,debit_card,109,11543.55,11543.54,105.90403669724772,1.0,0,0.0,1.4995185032329068
2018-01-01,2018-01,voucher,249,30428.50,30345.26,122.8553036437247,1.108433734939759,11,4.417670682730924,3.4255055716054477
2018-01-01,2018-01,credit_card,5393,868187.47,862778.35,160.93608468569298,3.26831077322455,3473,64.3982940849249,74.19177328380795
2018-01-01,2018-01,boleto,1518,204844.66,202634.74,134.8201862940785,1.0,0,0.0,20.883202641353694
