purchase_month,month_label,orders,active_customers,gmv_brl,goods_brl,freight_brl,payment_brl,orders_with_items,aov_brl,canceled_orders,cancel_rate_pct,delivered_orders,late_orders,late_delivery_rate_pct,avg_delivery_days,reviewed_orders,avg_review_score,low_score_rate_pct,avg_items_per_order,avg_installments
2018-07-01,2018-07,6292,6230,1058728.03,895507.22,163220.81,1066540.75,6273,168.77539135979595,41,0.6516211061665607,6159,208,3.377171618769281,8.887751786874594,6247,4.263246358251961,11.109332479590202,1.1305595408895266,2.760966306420852
2017-12-01,2017-12,5673,5603,863547.23,743914.17,119633.06,878401.48,5624,153.5468047652916,11,0.19390093424995594,5513,411,7.455106112824233,15.30564121168148,5612,4.018888096935139,16.39344262295082,1.1216216216216217,2.9391856160761503
2017-04-01,2017-04,2404,2372,412422.24,359927.23,52495.01,417788.03,2391,172.48943538268506,18,0.7487520798668885,2303,151,6.556665219279201,15.02301346070343,2387,4.046082949308755,15.416841223292836,1.12254286909243,3.168053244592346
2017-07-01,2017-07,4026,3947,584971.62,498031.48,86940.14,592382.92,3969,147.38513983371126,28,0.6954793840039741,3872,108,2.7892561983471076,11.488894628099173,3990,4.175396825396826,12.25563909774436,1.1385739480977577,3.2702434177844015
2017-05-01,2017-05,3700,3625,586190.95,506071.14,80119.81,592918.82,3660,160.16146174863385,29,0.7837837837837838,3546,106,2.9892836999435985,11.427080394922426,3666,4.142116748499728,12.76595744680851,1.1300546448087432,3.366756756756757
2018-05-01,2018-05,6873,6814,1149781.82,996517.68,153264.14,1153982.15,6853,167.7778812199037,24,0.34919249236141425,6749,443,6.563935397836716,11.336494295451178,6839,4.194034215528586,11.902324901301359,1.1564278418211003,2.886803433726175
2017-01-01,2017-01,800,765,137188.49,120312.87,16875.62,138488.04,789,173.87641318124207,3,0.375,750,22,2.933333333333333,12.753333333333334,790,4.062658227848101,15.569620253164556,1.2103929024081115,3.03625
2018-04-01,2018-04,6939,6882,1159698.04,996647.75,163050.29,1160785.48,6934,167.2480588404961,15,0.21616947686986598,6798,306,4.501323918799647,11.419388055310385,6883,4.162501816068575,12.988522446607584,1.1501297952119989,2.7524138924917136
2017-02-01,2017-02,1780,1755,286280.62,247303.02,38977.60,291908.01,1733,165.1936641661858,17,0.9550561797752809,1653,49,2.9643073200241985,13.300060496067756,1768,4.015837104072398,16.176470588235293,1.1257934218118868,2.843258426966292
2017-11-01,2017-11,7544,7430,1179143.77,1010271.37,168872.40,1194882.80,7451,158.25308951818548,37,0.49045599151643693,7289,904,12.402249965701742,15.073133918770582,7480,3.9108288770053474,18.77005347593583,1.1629311501811836,3.09398197242842
2018-06-01,2018-06,6167,6128,1022677.11,865124.31,157552.80,1023880.50,6160,166.01901136363637,18,0.2918761148046052,6099,71,1.1641252664371209,9.164534120734908,6141,4.2774792379091355,10.780003256798567,1.149025974025974,2.878384952164748
2018-02-01,2018-02,6728,6569,986908.96,844178.71,142730.25,992463.34,6694,147.4318733193905,73,1.0850178359096314,6555,927,14.141876430205949,16.87337909992372,6672,3.8273131494804153,20.878297362110313,1.146100985957574,2.652348394768133
2018-01-01,2018-01,7269,7166,1107301.89,950030.36,157271.53,1115004.18,7220,153.36591274238225,34,0.46773971660475994,7069,403,5.7009478002546325,14.005799971707455,7201,4.041799750034717,15.48396056103319,1.1368421052631579,2.6866143898748107
2017-10-01,2017-10,4631,4561,769312.37,664219.43,105092.94,779677.88,4568,168.41339098073556,26,0.5614338155905851,4478,187,4.17597141581063,11.733139794551139,4593,4.124537339429566,13.237535379925975,1.165061295971979,2.94040164111423
2017-06-01,2017-06,3245,3180,502963.04,433038.60,69924.44,511276.38,3217,156.34536524712465,16,0.4930662557781202,3135,95,3.0303030303030303,12.012759170653908,3218,4.147762585456806,12.7408328154133,1.113770593720858,3.2650231124807396
2017-08-01,2017-08,4331,4246,668204.60,573971.68,94232.92,674396.32,4293,155.64980200326113,27,0.6234126067882706,4193,122,2.9096112568566657,11.016455998092058,4298,4.237436016751977,11.354118194509073,1.1437223386908921,3.149619025629185
2018-08-01,2018-08,6512,6460,1003308.47,854686.33,148622.14,1022425.32,6452,155.50348264104153,84,1.28992628992629,6351,393,6.188001889466226,7.658164068650606,6485,4.256206630686199,10.932922127987664,1.1233725976441413,2.7745700245700244
2017-09-01,2017-09,4285,4212,720398.91,624401.69,95997.22,727762.45,4243,169.7852722130568,20,0.46674445740956827,4150,182,4.385542168674699,11.722650602409638,4251,4.187838155728064,12.42060691601976,1.1385811925524394,3.082380396732789
2018-03-01,2018-03,7211,7115,1155126.82,983213.44,171913.38,1159652.12,7188,160.70211741791877,26,0.36056025516571905,7003,1328,18.96330144223904,16.23761245180637,7148,3.7535674314493566,22.80358142137661,1.1431552587646077,2.894328109832201
2017-03-01,2017-03,2682,2642,432048.59,374344.30,57704.29,449863.60,2641,163.59280196895116,33,1.2304250559284116,2546,116,4.556166535742341,13.044383346425766,2661,4.074596016535137,14.130026305900037,1.135933358576297,2.98806860551827
