purchase_month,month_label,customer_state,orders,customers,gmv_brl,freight_brl,aov_brl,freight_share_pct,avg_delivery_days,late_delivery_rate_pct,avg_review_score,pct_of_month_gmv
2018-01-01,2018-01,SC,314,310,46253.94,7402.41,147.7761661341853,16.003847456022125,19.205787781350484,9.967845659163988,3.956168831168831,4.177175205580116
2018-01-01,2018-01,MT,85,82,14654.16,2379.46,172.4018823529412,16.23743701447234,19.240963855421686,3.6144578313253013,4.0476190476190474,1.3234114501511418
2018-01-01,2018-01,RS,373,369,57270.81,8787.83,153.5410455764075,15.344343828906908,18.931880108991827,8.174386920980927,4.024193548387097,5.172104420412396
2018-01-01,2018-01,ES,147,143,23906.48,3461.57,163.74301369863014,14.479630627344553,16.53103448275862,9.655172413793103,4.2534246575342465,2.158984845587142
2018-01-01,2018-01,GO,146,145,20190.21,3311.02,138.2891095890411,16.399136016911168,16.0,4.861111111111111,4.006896551724138,1.82336995740159
2018-01-01,2018-01,AM,12,12,3433.46,507.81,286.12166666666667,14.790036872426066,31.083333333333332,0.0,3.5,0.3100744278509269
2018-01-01,2018-01,SE,20,20,3732.32,672.12,186.616,18.008102199168345,19.31578947368421,5.2631578947368425,4.2,0.33706435739940804
2018-01-01,2018-01,CE,90,90,16912.45,3083.62,187.91611111111112,18.232840304036376,24.649350649350648,11.688311688311689,3.6511627906976742,1.5273567355691953
2018-01-01,2018-01,PB,31,31,8022.52,1222.23,258.7909677419355,15.234988507351805,22.06451612903226,12.903225806451612,4.419354838709677,0.7245106390995143
2018-01-01,2018-01,RO,20,20,3090.10,803.34,154.505,25.997216918546325,24.5,5.0,4.1,0.27906572073131747
2018-01-01,2018-01,PR,378,371,52652.12,7779.82,140.40565333333333,14.775891265157034,13.692722371967655,1.6172506738544474,4.16,4.754992335468695
2018-01-01,2018-01,PI,48,47,8577.28,1853.11,182.49531914893618,21.604867743620353,19.27659574468085,10.638297872340425,3.9583333333333335,0.7746107974221917
2018-01-01,2018-01,RR,2,2,278.44,59.45,139.22,21.351098980031605,25.0,0.0,2.5,0.025145807346179102
2018-01-01,2018-01,RN,46,45,7209.52,1401.58,160.21155555555558,19.44068398450937,15.261904761904763,2.380952380952381,4.288888888888889,0.651088927519125
2018-01-01,2018-01,AC,6,6,1157.89,274.95,192.98166666666668,23.745778960004834,18.666666666666668,0.0,4.166666666666667,0.10456859240075894
2018-01-01,2018-01,MS,70,68,12029.88,1929.12,171.85542857142855,16.036070185238756,15.285714285714286,4.285714285714286,4.314285714285714,1.0864137511767455
2018-01-01,2018-01,TO,17,17,3336.25,689.21,196.25,20.658224053952793,18.25,0.0,4.0,0.3012954308241992
2018-01-01,2018-01,AP,11,11,2788.74,395.07,253.52181818181816,14.166612878934574,24.90909090909091,0.0,3.8181818181818183,0.25185001716198646
2018-01-01,2018-01,PA,70,69,16900.37,2785.81,241.43385714285714,16.483721954016392,25.840579710144926,8.695652173913043,3.7246376811594204,1.5262657955004486
2018-01-01,2018-01,RJ,893,879,143217.23,21004.54,161.46249154453216,14.666210203897952,18.275294117647057,13.058823529411764,3.7568337129840548,12.933891948834297
2018-01-01,2018-01,BA,239,239,44286.35,7220.34,188.45255319148936,16.30375951054896,18.885964912280702,6.578947368421052,3.755364806866953,3.999482923306489
2018-01-01,2018-01,MA,57,57,11209.05,2426.54,196.64999999999998,21.648043322137024,19.636363636363637,7.2727272727272725,4.0,1.0122849153630544
2018-01-01,2018-01,AL,37,36,6485.90,1351.82,175.29459459459457,20.842442837539895,27.666666666666668,33.333333333333336,3.3783783783783785,0.5857390887321614
2018-01-01,2018-01,SP,3052,3007,426001.38,50596.88,140.9200727753887,11.877163402616207,9.899495798319327,3.4285714285714284,4.125824538258575,38.47201778008345
2018-01-01,2018-01,MG,863,849,134440.11,19337.35,156.32570930232558,14.383616615606758,12.696217494089835,3.0732860520094563,4.133449883449884,12.141233679281449
2018-01-01,2018-01,DF,138,137,20728.31,2991.34,150.20514492753625,14.431181316759542,12.792592592592593,2.962962962962963,4.014598540145985,1.8719655576493237
2018-01-01,2018-01,PE,104,104,18536.62,3543.19,178.23673076923075,19.114541917566417,19.19607843137255,7.8431372549019605,4.058252427184466,1.6740348921467119
2018-08-01,2018-08,PR,333,328,49477.14,8171.93,149.47776435045316,16.516577150579035,8.021406727828746,3.058103975535168,4.343373493975903,4.9313986156221725
2018-08-01,2018-08,RN,20,20,5993.75,757.38,299.6875,12.63616266944734,11.9,0.0,4.6,0.5973985249023165
2018-08-01,2018-08,AP,2,2,257.40,63.40,128.7,24.630924630924632,16.5,0.0,5.0,0.025655120802478625
2018-08-01,2018-08,PI,21,21,3979.84,966.61,189.51619047619047,24.287659805419313,11.9,0.0,3.9047619047619047,0.3966716238326982
2018-08-01,2018-08,MT,40,40,5783.76,1135.53,144.594,19.633076061247355,11.487179487179487,0.0,4.475,0.5764687703673029
2018-08-01,2018-08,AL,16,16,2913.71,660.43,182.106875,22.66629142914017,14.125,0.0,4.375,0.29041018660990675
2018-08-01,2018-08,PA,44,44,10965.90,2037.12,255.02093023255813,18.576860996361447,13.906976744186046,0.0,4.409090909090909,1.0929739285466213
2018-08-01,2018-08,TO,13,13,2665.51,739.54,205.03923076923078,27.744784300190204,12.153846153846153,15.384615384615385,4.615384615384615,0.26567203205211654
2018-08-01,2018-08,MA,30,30,5325.36,1079.16,177.512,20.264545495515797,12.551724137931034,6.896551724137931,4.166666666666667,0.5307799305232617
2018-08-01,2018-08,MG,708,704,114073.08,18336.66,162.035625,16.074484882848783,7.482857142857143,1.7142857142857142,4.356232294617564,11.369691716048207
2018-08-01,2018-08,DF,145,145,23507.26,3565.63,163.2448611111111,15.168207609053544,9.062937062937063,3.4965034965034967,4.2,2.342974339686378
2018-08-01,2018-08,GO,120,120,21254.89,3191.00,180.12618644067797,15.013015828357616,10.376068376068377,2.5641025641025643,4.25,2.1184800722354113
2018-08-01,2018-08,ES,105,104,19551.27,2941.23,186.20257142857145,15.043677469545456,10.048543689320388,0.0,4.257142857142857,1.9486798511727905
2018-08-01,2018-08,AM,4,4,512.50,131.80,128.125,25.71707317073171,19.5,0.0,3.75,0.05108100004378514
2018-08-01,2018-08,RJ,745,740,113529.73,17766.75,153.00502695417788,15.649425044875912,8.197786998616873,5.809128630705394,4.187584345479082,11.315535888977395
2018-08-01,2018-08,BA,165,165,26892.16,5045.32,163.97658536585365,18.7613044099098,11.40880503144654,0.6289308176100629,4.242424242424242,2.6803481485609306
2018-08-01,2018-08,SC,206,204,38389.21,6033.38,189.10940886699507,15.716343212064015,9.00497512437811,2.985074626865672,4.307317073170732,3.826261927201711
2018-08-01,2018-08,SE,23,23,5600.79,1042.75,243.51260869565218,18.617909259229503,12.521739130434783,0.0,4.3478260869565215,0.5582321058248417
2018-08-01,2018-08,RS,300,294,52131.51,8989.91,176.11996621621623,17.24467601264571,9.8839590443686,3.0716723549488054,4.391891891891892,5.195960321156265
2018-08-01,2018-08,CE,57,57,11881.57,2424.53,216.02854545454545,20.40580495675235,13.127272727272727,0.0,4.280701754385965,1.1842389808589975
2018-08-01,2018-08,MS,35,35,6551.95,1000.52,187.19857142857143,15.270568304092675,14.8,28.571428571428573,3.914285714285714,0.6530344550963474
2018-08-01,2018-08,AC,3,3,604.52,157.83,201.50666666666666,26.108317342685105,13.666666666666666,0.0,5.0,0.060252655895549255
2018-08-01,2018-08,PE,85,85,15478.29,3551.26,182.09752941176473,22.94349052770041,12.19277108433735,4.819277108433735,4.235294117647059,1.5427249408150616
2018-08-01,2018-08,PB,30,30,9240.93,1489.30,318.65275862068967,16.116343268480552,13.5,7.142857142857143,4.3,0.9210457477748594
2018-08-01,2018-08,RO,9,9,3236.63,446.85,404.57875,13.806026638818771,12.625,0.0,4.555555555555555,0.3225957017984708
2018-08-01,2018-08,SP,3253,3224,453509.81,56896.32,140.92908949658172,12.54577491940031,6.11346396965866,9.007585335018963,4.224521309450278,45.201433413594124
2017-06-01,2017-06,SC,116,114,16083.60,2760.27,139.85739130434783,17.162015966574646,14.44954128440367,3.669724770642202,4.043478260869565,3.1977697605772386
2017-06-01,2017-06,DF,70,69,9836.95,1511.09,140.52785714285716,15.36136709040912,13.855072463768115,1.4492753623188406,3.9285714285714284,1.9557997740748505
2017-06-01,2017-06,MS,27,26,4442.66,635.24,164.54296296296295,14.298640904323086,14.407407407407407,0.0,4.222222222222222,0.8832975083020017
2017-06-01,2017-06,RJ,412,404,63202.25,8749.94,154.1518292682927,13.844348895806716,12.5062656641604,3.2581453634085213,4.107407407407408,12.565982979584346
2017-06-01,2017-06,BA,106,103,23796.34,2807.77,226.63180952380952,11.799167434992103,18.320388349514563,7.766990291262136,3.6476190476190475,4.731230350444836
2017-06-01,2017-06,PA,38,36,6918.59,1188.32,182.06815789473686,17.175754019243804,19.47222222222222,5.555555555555555,4.184210526315789,1.375566284154796
2017-06-01,2017-06,ES,80,80,12343.29,1997.46,156.2441772151899,16.18255748669925,16.11392405063291,6.329113924050633,4.253164556962025,2.4541147198410447
2017-06-01,2017-06,PR,170,167,25942.33,4404.15,152.6019411764706,16.976694074896123,11.335329341317365,1.1976047904191616,4.2823529411764705,5.1578998727222585
2017-06-01,2017-06,AM,1,1,204.84,34.85,204.84,17.013278656512398,6.0,0.0,2.0,0.040726650610351016
2017-06-01,2017-06,RN,13,13,1593.06,351.70,132.755,22.07700902665311,20.166666666666668,8.333333333333334,3.9166666666666665,0.3167350030332249
2017-06-01,2017-06,AC,4,4,510.27,124.49,127.5675,24.396887922080467,18.5,0.0,4.75,0.1014527826935355
2017-06-01,2017-06,CE,47,46,11404.85,1344.66,253.44111111111113,11.79024713170274,16.613636363636363,0.0,4.065217391304348,2.2675324214677883
2017-06-01,2017-06,RS,221,215,28878.58,4909.07,131.26627272727274,16.999000643383432,12.413953488372092,0.46511627906976744,4.461538461538462,5.741690284041547
2017-06-01,2017-06,AL,10,10,1268.97,317.32,126.897,25.006107315381765,26.1,30.0,3.4,0.2522988567907495
2017-06-01,2017-06,MT,25,25,4926.25,599.72,197.05,12.173965998477543,16.708333333333332,4.166666666666667,4.16,0.9794457262704632
2017-06-01,2017-06,PB,23,23,7404.70,1221.78,321.94347826086954,16.500060772212244,19.954545454545453,9.090909090909092,4.043478260869565,1.4722155329743514
2017-06-01,2017-06,RO,10,10,2311.06,510.14,231.106,22.07385355637673,17.9,0.0,4.8,0.45948903124173895
2017-06-01,2017-06,PE,46,45,7561.45,1756.87,168.03222222222223,23.234564799079543,19.21951219512195,4.878048780487805,3.9782608695652173,1.5033808448429928
2017-06-01,2017-06,TO,8,8,4441.12,475.94,555.14,10.716666066217531,14.875,0.0,4.75,0.8829913227818887
2017-06-01,2017-06,AP,2,2,369.74,117.04,184.87,31.654676258992804,25.5,0.0,4.5,0.07351235987439554
2017-06-01,2017-06,MG,363,355,54840.90,8184.87,152.33583333333334,14.92475506419479,12.036516853932584,1.404494382022472,4.2555555555555555,10.903564603872285
2017-06-01,2017-06,SE,9,9,1806.32,349.81,200.70222222222222,19.365893086496303,20.125,0.0,3.3333333333333335,0.35913573291588186
2017-06-01,2017-06,SP,1331,1304,196415.47,22527.92,149.25187689969604,11.469524269142344,9.310747663551401,3.2710280373831777,4.133434420015163,39.05167067544367
2017-06-01,2017-06,MA,17,17,2358.23,578.93,138.71941176470588,24.54934421154849,16.466666666666665,0.0,3.6470588235294117,0.468867453958446
2017-06-01,2017-06,RR,3,3,175.18,81.78,58.39333333333334,46.68341134832743,19.666666666666668,0.0,4.666666666666667,0.03482959702168175
2017-06-01,2017-06,PI,14,14,2626.96,479.49,187.64000000000001,18.252657063678168,13.571428571428571,0.0,4.5,0.5222968272181591
2017-06-01,2017-06,GO,79,78,11299.08,1903.82,143.02632911392405,16.84933640614988,15.602739726027398,4.109589041095891,4.063291139240507,2.2465030432454838
2017-10-01,2017-10,MS,34,33,7301.77,1033.93,221.2657575757576,14.1599913445644,13.545454545454545,6.0606060606060606,4.411764705882353,0.9491294154024847
2017-10-01,2017-10,SE,22,21,5123.29,829.08,232.87681818181818,16.18257018439323,23.363636363636363,27.272727272727273,3.3181818181818183,0.6659570546096899
2017-10-01,2017-10,PA,54,53,8768.44,2016.86,165.4422641509434,23.00135485901711,24.846153846153847,5.769230769230769,4.0,1.139776291391233
2017-10-01,2017-10,ES,100,98,12667.55,2286.86,126.6755,18.052898942573744,14.41,5.0,4.27,1.6466068263012592
2017-10-01,2017-10,PI,23,22,4955.04,908.00,215.43652173913043,18.32477638929252,15.826086956521738,0.0,4.3478260869565215,0.6440868746202534
2017-10-01,2017-10,RR,3,3,525.15,136.17,175.04999999999998,25.92973436161097,33.333333333333336,33.333333333333336,3.6666666666666665,0.06826225867133788
2017-10-01,2017-10,SC,178,178,24773.76,3751.21,142.37793103448274,15.141867847270662,12.816091954022989,4.597701149425287,4.15819209039548,3.220247192957524
2017-10-01,2017-10,TO,13,13,3238.07,429.22,249.0823076923077,13.255426843768046,13.615384615384615,0.0,3.923076923076923,0.42090445003503585
2017-10-01,2017-10,AP,3,3,1696.74,104.89,565.58,6.1818546153211456,19.0,0.0,4.333333333333333,0.22055280353804788
2017-10-01,2017-10,GO,108,108,20197.74,2707.69,188.76392523364487,13.405905809263807,14.09433962264151,1.8867924528301887,4.317757009345795,2.6254276920050046
2017-10-01,2017-10,RO,14,14,2385.01,727.06,170.35785714285717,30.484568198875472,16.615384615384617,0.0,4.214285714285714,0.31001841293673726
2017-10-01,2017-10,PB,30,29,11597.45,1313.14,399.9120689655173,11.322661447128462,19.142857142857142,0.0,4.172413793103448,1.5075085819821148
2017-10-01,2017-10,PE,80,79,20473.34,3046.45,255.91675,14.880083073890239,17.623376623376622,6.4935064935064934,4.269230769230769,2.6612518917380728
2017-10-01,2017-10,DF,98,96,15305.14,2211.75,159.42854166666666,14.451027563289196,12.41304347826087,3.260869565217391,3.9183673469387754,1.9894571563953924
2017-10-01,2017-10,MA,48,48,12526.98,2191.18,260.97875,17.49168594505619,21.083333333333332,25.0,3.7083333333333335,1.6283346646304413
2017-10-01,2017-10,MG,560,549,94553.99,12541.90,170.98370705244125,13.26427367052411,10.282287822878228,0.922509225092251,4.210951526032316,12.290714888673895
2017-10-01,2017-10,RN,23,23,5352.02,1149.55,232.69652173913045,21.47880613301146,18.26086956521739,4.3478260869565215,4.130434782608695,0.6956888006363398
2017-10-01,2017-10,AC,6,6,958.17,222.97,159.695,23.270400868321907,13.2,0.0,3.3333333333333335,0.12454888772944077
2017-10-01,2017-10,RS,252,247,43852.00,6280.89,176.82258064516128,14.322927118489465,14.315573770491802,2.0491803278688523,4.134,5.700155321823305
2017-10-01,2017-10,CE,66,66,14732.78,2333.67,226.65815384615385,15.839984035599526,19.49206349206349,4.761904761904762,3.8,1.9150582487059191
2017-10-01,2017-10,MT,52,51,12892.88,2143.87,257.8576,16.628325091058013,16.14,2.0,4.326923076923077,1.6758966192107376
2017-10-01,2017-10,AL,28,28,6341.58,997.22,226.48499999999999,15.72510320771795,20.321428571428573,7.142857142857143,4.142857142857143,0.8243179555269597
2017-10-01,2017-10,SP,1793,1772,258789.08,30883.58,146.62270821529745,11.933880672244749,8.182820661636681,3.250145095763204,4.130129286115795,33.639011939974395
2017-10-01,2017-10,PR,206,203,38258.23,4857.57,188.46418719211823,12.69679752565657,12.691919191919192,3.0303030303030303,4.073529411764706,4.9730423546939715
2017-10-01,2017-10,BA,166,164,29273.65,4539.45,178.49786585365854,15.50694908219508,18.082278481012658,10.126582278481013,3.8181818181818183,3.8051708436717324
2017-10-01,2017-10,RJ,668,651,112607.96,15355.10,170.1026586102719,13.635892169612164,12.964831804281346,6.8807339449541285,4.140577507598784,14.63748204126758
2017-10-01,2017-10,AM,3,3,164.56,93.68,54.85333333333333,56.92756441419543,19.333333333333332,0.0,5.0,0.021390530871094663
2017-01-01,2017-01,MS,1,1,170.36,21.36,170.36,12.538154496360647,12.0,0.0,5.0,0.12417951389362185
2017-01-01,2017-01,BA,25,24,4511.37,555.35,180.4548,12.310007824674102,15.0,4.166666666666667,4.04,3.2884464287054986
2017-01-01,2017-01,RJ,97,92,14747.45,2064.25,153.61927083333333,13.997335132514435,13.978021978021978,3.2967032967032965,3.8351063829787235,10.749772083649292
2017-01-01,2017-01,GO,18,17,4658.29,430.80,258.7938888888889,9.248028783094226,12.88888888888889,0.0,4.388888888888889,3.395539961114814
2017-01-01,2017-01,ES,12,12,2492.58,236.62,226.5981818181818,9.49297515024593,16.555555555555557,11.11111111111111,3.25,1.8169016948870857
2017-01-01,2017-01,AC,2,1,723.14,133.54,361.57,18.466686948585338,21.0,0.0,2.0,0.527114191576859
2017-01-01,2017-01,RN,5,5,1268.13,143.26,253.62600000000003,11.296949050964805,10.2,0.0,4.8,0.9243705503282382
2017-01-01,2017-01,SE,4,4,381.78,117.98,95.445,30.902614070930905,13.25,0.0,4.75,0.27828865234977074
2017-01-01,2017-01,TO,2,2,676.86,46.97,338.43,6.939396625594657,13.5,0.0,4.5,0.4933795830830998
2017-01-01,2017-01,SP,299,292,46942.77,5407.87,159.12803389830506,11.520133984424014,10.646643109540635,2.8268551236749118,4.091525423728814,34.21771753592448
2017-01-01,2017-01,MG,108,106,18615.96,2374.27,175.62226415094338,12.75394876224487,11.029411764705882,0.0,4.233644859813084,13.569622349513432
2017-01-01,2017-01,MA,9,8,798.10,180.01,114.01428571428572,22.554817692018542,25.0,16.666666666666668,3.888888888888889,0.5817543439686522
2017-01-01,2017-01,DF,13,13,2104.75,278.12,161.90384615384616,13.213920893217722,21.692307692307693,15.384615384615385,3.4615384615384617,1.5342030515825344
2017-01-01,2017-01,SC,31,31,7301.31,639.78,235.52612903225807,8.762537133747232,17.0,3.8461538461538463,3.7419354838709675,5.32210100133036
2017-01-01,2017-01,PI,7,7,1453.98,203.13,207.71142857142857,13.970618577972186,15.142857142857142,0.0,4.714285714285714,1.0598410989143479
2017-01-01,2017-01,PE,9,9,2151.93,267.45,239.10333333333332,12.428378246504302,21.0,11.11111111111111,4.25,1.568593691788575
2017-01-01,2017-01,RO,3,3,825.51,143.32,275.17,17.361388717277805,28.333333333333332,0.0,3.0,0.6017341542282447
2017-01-01,2017-01,PB,2,2,463.13,53.33,231.565,11.515125342776326,11.5,0.0,4.5,0.3375866298987619
2017-01-01,2017-01,MT,11,11,2303.69,327.05,209.42636363636365,14.196788630414682,16.0,0.0,3.1818181818181817,1.6792152169617147
2017-01-01,2017-01,AL,2,2,454.36,60.39,227.18,13.291222818910114,15.5,0.0,3.0,0.33119396532464207
2017-01-01,2017-01,RS,54,51,13615.90,1425.92,256.90377358490565,10.47246234182096,13.153846153846153,1.9230769230769231,4.2075471698113205,9.924957990280381
2017-01-01,2017-01,CE,9,9,1266.13,216.64,140.68111111111114,17.110407304147284,25.625,12.5,3.7777777777777777,0.922912702078724
2017-01-01,2017-01,PA,12,12,2777.77,551.50,231.48083333333332,19.854055591355657,15.2,0.0,4.25,2.0247835660265667
2017-01-01,2017-01,PR,65,51,6483.24,996.71,99.74215384615384,15.373640340323666,11.870967741935484,3.225806451612903,4.292307692307692,4.725790042590308
2017-03-01,2017-03,CE,28,28,7158.84,1188.86,275.34000000000003,16.606880444317795,29.03846153846154,30.76923076923077,2.892857142857143,1.6569525200857615
2017-03-01,2017-03,AL,10,10,1421.50,246.71,142.15,17.35561027084066,23.7,20.0,4.1,0.3290139194760478
2017-03-01,2017-03,SC,110,110,20681.20,2342.39,191.4925925925926,11.326180299015531,17.596153846153847,18.26923076923077,3.871559633027523,4.786776413273331
2017-03-01,2017-03,PB,16,15,4936.41,548.42,308.525625,11.109693076547531,17.625,6.25,4.375,1.1425589885619114
2017-03-01,2017-03,PE,45,45,9001.18,1809.04,204.57227272727275,20.09780939832333,17.27777777777778,2.7777777777777777,3.8444444444444446,2.083372150340775
2017-03-01,2017-03,RO,16,15,2523.68,658.82,157.73,26.105528434666837,21.625,12.5,3.8125,0.5841194852643773
2017-03-01,2017-03,RR,2,2,330.81,59.82,165.405,18.082887458057495,102.5,50.0,4.0,0.07656777678640266
2017-03-01,2017-03,PI,13,13,2636.75,530.25,202.82692307692307,20.109983881672512,47.0,23.076923076923077,4.153846153846154,0.6102901527811952
2017-03-01,2017-03,SE,25,23,3210.76,712.16,139.59826086956522,22.180418343320582,37.18181818181818,13.636363636363637,3.44,0.7431478945458426
2017-03-01,2017-03,MS,20,20,6992.90,540.35,368.0473684210526,7.727123224985343,12.578947368421053,0.0,4.25,1.618544803027826
2017-03-01,2017-03,PR,127,127,18426.58,2693.28,147.41264,14.616277138785383,11.702479338842975,4.132231404958677,4.196850393700787,4.264932330875099
2017-03-01,2017-03,PA,36,36,9072.74,1424.97,259.22114285714287,15.706060131779374,25.62857142857143,8.571428571428571,3.5277777777777777,2.099935102206907
2017-03-01,2017-03,AC,2,2,530.18,74.19,265.09,13.993360745407221,20.0,0.0,4.5,0.12271304947436583
2017-03-01,2017-03,RN,13,13,2104.60,362.88,161.8923076923077,17.2422313028604,31.846153846153847,23.076923076923077,4.153846153846154,0.48712113607406976
2017-03-01,2017-03,RS,151,148,23629.97,3500.46,159.66195945945947,14.813645552660455,14.375,1.3888888888888888,4.112582781456954,5.469285294971105
2017-03-01,2017-03,GO,53,53,9971.98,1267.72,199.43959999999998,12.71282132535364,14.404255319148936,0.0,3.9056603773584904,2.3080690993575512
2017-03-01,2017-03,ES,48,47,6002.27,1016.86,125.04729166666668,16.94125722435012,9.702127659574469,0.0,4.333333333333333,1.3892580924752005
2017-03-01,2017-03,AM,5,5,793.39,162.00,158.678,20.418709587970607,29.6,0.0,5.0,0.18363443796911824
2017-03-01,2017-03,BA,91,90,18885.75,2943.63,207.53571428571428,15.58651364123744,20.482758620689655,8.045977011494253,3.797752808988764,4.371209728979789
2017-03-01,2017-03,RJ,395,390,64082.61,8382.78,163.8941432225064,13.081208770991068,10.778378378378378,4.324324324324325,3.9872122762148337,14.832269213053095
2017-03-01,2017-03,SP,1010,993,154613.07,16525.16,154.92291583166335,10.688074429930147,9.678053830227743,2.277432712215321,4.157157157157157,35.78603739917309
2017-03-01,2017-03,MG,358,353,50100.89,7907.80,142.33207386363637,15.783751546130219,11.746355685131196,2.3323615160349855,4.230985915492957,11.596123945225697
2017-03-01,2017-03,DF,57,54,8154.41,1183.95,145.6144642857143,14.519137497378718,12.037037037037036,0.0,4.201754385964913,1.8873826205520077
2017-03-01,2017-03,MA,24,24,2771.49,795.70,120.4995652173913,28.710188382422455,24.09090909090909,18.181818181818183,3.625,0.6414764598583691
2017-03-01,2017-03,TO,8,7,899.19,171.53,112.39875,19.076057340495332,17.0,0.0,3.875,0.20812242437823947
2017-03-01,2017-03,AP,3,3,412.89,109.10,137.63,26.423502627818547,78.66666666666667,66.66666666666667,4.666666666666667,0.09556563996656024
2017-03-01,2017-03,MT,16,16,2702.55,545.46,168.909375,20.183160348559692,29.0625,25.0,3.375,0.6255199212662631
2018-03-01,2018-03,SC,252,247,43141.10,6468.86,171.87689243027887,14.994657067158697,17.14574898785425,19.4331983805668,3.8152610441767068,3.7347500943662615
2018-03-01,2018-03,PA,73,73,16405.38,3196.60,224.73123287671234,19.485071360736537,37.776119402985074,50.74626865671642,2.464788732394366,1.4202232790335523
2018-03-01,2018-03,MT,55,54,10492.42,1853.69,190.77127272727273,17.66694432742875,23.134615384615383,25.0,3.6481481481481484,0.9083348960766057
2018-03-01,2018-03,SP,3037,2997,438800.17,53091.39,145.10587632275133,12.09921819310143,10.337596768764726,9.424436216762032,4.077571948395634,37.98718568407926
2018-03-01,2018-03,DF,150,145,24909.00,3953.58,166.06,15.872094423702276,16.224489795918366,18.367346938775512,3.7635135135135136,2.15638660350731
2018-03-01,2018-03,MG,879,864,141772.79,21747.46,161.84108447488586,15.339657207846441,16.70443925233645,20.44392523364486,3.6436781609195403,12.273352808135819
2018-03-01,2018-03,MA,53,52,11033.76,2678.02,208.18415094339622,24.27114601006366,26.428571428571427,51.02040816326531,3.1923076923076925,0.9551990144251
2018-03-01,2018-03,ES,134,133,20604.41,3212.64,153.76425373134327,15.592001906388,21.68421052631579,41.35338345864662,3.286259541984733,1.7837357460023306
2018-03-01,2018-03,RS,418,413,68068.18,10509.31,163.62543269230767,15.439387390701501,19.877149877149876,19.164619164619165,3.741007194244604,5.892701893979052
2018-03-01,2018-03,CE,98,98,22544.75,4159.49,230.0484693877551,18.449927366681823,29.677419354838708,50.53763440860215,2.9690721649484537,1.951712107247237
2018-03-01,2018-03,SE,18,18,3504.40,946.48,194.6888888888889,27.008332382148154,25.647058823529413,64.70588235294117,2.4444444444444446,0.30337794425031184
2018-03-01,2018-03,PR,377,372,60127.10,9045.09,159.9125,15.043283311518433,15.238482384823849,13.279132791327914,3.867021276595745,5.205237984172162
2018-03-01,2018-03,RJ,907,893,141012.28,23163.78,155.6426931567329,16.426782121386875,24.212962962962962,34.49074074074074,3.1837655016910937,12.207515015537428
2018-03-01,2018-03,BA,249,247,45398.29,8588.11,183.05762096774194,18.917254372356314,23.29787234042553,31.48936170212766,3.3441295546558703,3.9301563442185508
2018-03-01,2018-03,RR,6,6,2643.64,398.96,440.6066666666666,15.09131349200345,32.0,0.0,3.3333333333333335,0.2288614509011227
2018-03-01,2018-03,AP,5,5,704.54,169.15,140.908,24.008572969597186,32.2,0.0,3.6,0.06099243717672489
2018-03-01,2018-03,TO,20,20,5579.63,1005.82,278.9815,18.02664334373426,21.1,25.0,3.45,0.4830318111737722
2018-03-01,2018-03,MS,59,58,9033.14,1634.16,155.74379310344827,18.09071928476698,21.842105263157894,40.35087719298246,3.2033898305084745,0.7820041785541781
2018-03-01,2018-03,AC,2,2,164.67,66.87,82.335,40.6084897066861,36.0,0.0,3.0,0.01425557758238182
2018-03-01,2018-03,RN,39,38,9095.81,1712.18,233.22589743589742,18.823832072129917,24.05263157894737,18.42105263157895,3.8846153846153846,0.7874295568689159
2018-03-01,2018-03,AM,9,9,1607.24,489.08,178.5822222222222,30.4298051317787,39.125,25.0,4.375,0.13913970069537474
2018-03-01,2018-03,GO,146,146,23637.05,4289.25,161.897602739726,18.14629998244282,18.80851063829787,19.858156028368793,3.7054794520547945,2.046273152933978
2018-03-01,2018-03,PE,108,108,27020.86,4159.47,250.19314814814814,15.393551500581403,21.476635514018692,20.560747663551403,3.8317757009345796,2.3392115508148272
2018-03-01,2018-03,PB,39,39,8067.23,1980.23,206.85205128205126,24.546591581001163,22.487179487179485,12.820512820512821,4.076923076923077,0.6983847886070206
2018-03-01,2018-03,RO,13,13,3305.85,578.96,254.29615384615383,17.513196303522545,26.23076923076923,23.076923076923077,3.3846153846153846,0.2861893553817753
2018-03-01,2018-03,PI,35,35,8268.54,1626.26,236.24400000000003,19.66804296768232,22.147058823529413,29.41176470588235,3.4411764705882355,0.7158123122792699
2018-03-01,2018-03,AL,30,30,8184.59,1188.49,272.81966666666665,14.521069473241788,24.25925925925926,33.333333333333336,3.433333333333333,0.7085447119996746
2017-02-01,2017-02,RO,11,11,2051.96,429.80,205.196,20.945827404042962,17.88888888888889,0.0,3.727272727272727,0.7167652494255462
2017-02-01,2017-02,RS,105,104,18324.02,2491.41,176.1925,13.59641607027279,14.89,3.0,4.180952380952381,6.40071968546107
2017-02-01,2017-02,PR,118,116,21332.58,2709.05,190.4694642857143,12.699120312686041,14.027272727272727,2.727272727272727,3.871794871794872,7.451632597414383
2017-02-01,2017-02,BA,59,58,8635.50,1547.82,146.364406779661,17.92391870766024,21.67241379310345,8.620689655172415,3.8813559322033897,3.0164458914473498
2017-02-01,2017-02,RJ,254,253,38120.86,5654.81,154.9628455284553,14.833899340151298,12.565217391304348,3.4782608695652173,3.952191235059761,13.315906609396054
2017-02-01,2017-02,SE,12,12,2404.98,543.16,200.415,22.584803200026613,18.833333333333332,0.0,4.083333333333333,0.8400778229416996
2017-02-01,2017-02,MA,11,11,1195.23,299.95,108.65727272727273,25.095588296813165,15.636363636363637,0.0,4.636363636363637,0.41750293820098616
2017-02-01,2017-02,AP,2,2,707.20,157.35,353.6,22.249717194570135,17.5,0.0,4.5,0.24703034386330447
2017-02-01,2017-02,MG,259,253,35270.20,5574.82,140.5187250996016,15.806034556084175,12.356846473029046,0.8298755186721992,3.9536679536679538,12.320149369524211
2017-02-01,2017-02,SP,654,645,89887.72,11200.64,142.00271721958927,12.46070097227964,9.970049916805324,2.995008319467554,4.041411042944786,31.398464904819615
2017-02-01,2017-02,MT,17,17,3583.36,594.96,210.78588235294117,16.603411323450615,18.41176470588235,0.0,3.823529411764706,1.2516949278648342
2017-02-01,2017-02,AL,12,12,2967.87,351.84,247.3225,11.854966693285084,28.916666666666668,8.333333333333334,4.333333333333333,1.0366995851832375
2017-02-01,2017-02,PI,12,12,3721.85,588.06,310.15416666666664,15.800206886360279,18.9,0.0,3.6666666666666665,1.3000705391793548
2017-02-01,2017-02,RR,2,2,108.74,57.94,54.37,53.28306051131139,9.0,0.0,4.0,0.0379837098298865
2017-02-01,2017-02,GO,27,27,3000.67,668.82,111.13592592592593,22.289022118393557,22.416666666666668,4.166666666666667,3.8518518518518516,1.0481568748873047
2017-02-01,2017-02,PA,25,25,10958.21,1056.72,438.3284,9.643180774962335,19.416666666666668,0.0,4.32,3.8277861770733903
2017-02-01,2017-02,AM,8,5,1122.54,219.65,140.3175,19.567231457230925,16.875,0.0,4.875,0.3921117678171858
2017-02-01,2017-02,ES,34,33,5427.13,796.84,159.6214705882353,14.68253017709176,20.806451612903224,6.451612903225806,3.90625,1.8957378253547166
2017-02-01,2017-02,SC,59,58,8148.19,1210.34,140.4860344827586,14.854096431231968,15.894736842105264,5.2631578947368425,3.8596491228070176,2.8462247985909768
2017-02-01,2017-02,AC,3,3,597.40,147.00,199.13333333333333,24.606628724472717,25.666666666666668,0.0,5.0,0.20867636796371336
2017-02-01,2017-02,MS,11,11,7910.94,391.15,719.1763636363636,4.944418741641322,20.09090909090909,0.0,4.545454545454546,2.7633515674236
2017-02-01,2017-02,TO,7,7,939.55,173.95,134.22142857142856,18.51418232132404,16.285714285714285,0.0,4.285714285714286,0.32819196772732995
2017-02-01,2017-02,CE,13,13,2483.53,388.47,191.04076923076926,15.641848497904192,21.46153846153846,7.6923076923076925,4.384615384615385,0.8675159359372633
2017-02-01,2017-02,RN,8,8,648.61,249.71,81.07625,38.499252247113056,18.0,0.0,4.375,0.22656441082180134
2017-02-01,2017-02,PE,21,21,3320.02,538.11,166.001,16.208034891356075,18.65,5.0,4.095238095238095,1.1597082610761427
2017-02-01,2017-02,PB,12,12,2544.30,374.57,212.025,14.721927445662853,20.818181818181817,9.090909090909092,4.090909090909091,0.8887433595749513
2017-02-01,2017-02,DF,24,24,10867.46,560.66,452.8108333333333,5.159071208911742,11.80952380952381,0.0,4.130434782608695,3.7960865112000945
2018-04-01,2018-04,AC,4,4,588.17,165.19,147.0425,28.085417481340432,35.25,25.0,3.25,0.05071751263803119
2018-04-01,2018-04,CE,100,100,20973.58,3623.84,209.7358,17.278118470952503,24.135416666666668,23.958333333333332,3.72,1.8085380225355903
2018-04-01,2018-04,RO,11,11,4085.72,585.95,371.4290909090909,14.341413508512575,22.545454545454547,0.0,4.363636363636363,0.3523089510438424
2018-04-01,2018-04,RJ,834,823,144663.72,21382.32,173.45769784172663,14.780706593194202,14.195786864931847,4.83271375464684,4.036924939467313,12.474257523104894
2018-04-01,2018-04,BA,225,224,38804.85,6867.51,172.46599999999998,17.69755584675627,22.328703703703702,18.51851851851852,3.7990867579908674,3.3461167184519858
2018-04-01,2018-04,SC,246,245,51809.38,7196.82,210.6072357723577,13.890959513508944,11.971428571428572,2.0408163265306123,4.385245901639344,4.467488795617866
2018-04-01,2018-04,TO,19,19,5370.51,1078.69,282.6584210526316,20.085429502970854,16.68421052631579,5.2631578947368425,4.2631578947368425,0.46309554856193424
2018-04-01,2018-04,AP,5,5,1042.80,220.10,208.56,21.106635980053703,27.6,0.0,4.25,0.08991995881962515
2018-04-01,2018-04,RR,2,2,772.01,59.36,386.005,7.689019572285333,43.0,50.0,3.0,0.0665699150444369
2018-04-01,2018-04,PI,37,36,12911.77,2136.84,348.96675675675675,16.549551300867346,16.264705882352942,11.764705882352942,4.027027027027027,1.1133734433146063
2018-04-01,2018-04,AL,28,28,7201.21,1094.98,257.18607142857144,15.205500186774167,23.703703703703702,25.925925925925927,3.5,0.6209556066853402
2018-04-01,2018-04,MT,65,63,13752.37,2207.98,211.57492307692308,16.055269019085436,18.0625,1.5625,4.430769230769231,1.1858578289914157
2018-04-01,2018-04,PA,71,70,14489.05,2839.29,204.07112676056337,19.596108785600162,31.363636363636363,30.303030303030305,3.246153846153846,1.2493812613497217
2018-04-01,2018-04,MA,46,46,10023.53,2093.60,217.90282608695654,20.886853234339597,19.956521739130434,13.043478260869565,4.065217391304348,0.8643224058566141
2018-04-01,2018-04,DF,148,145,22169.55,3356.76,149.79425675675674,15.141308686915162,11.191780821917808,2.0547945205479454,4.191780821917808,1.9116657298135986
2018-04-01,2018-04,SP,3059,3038,451998.27,53175.85,147.90519306282724,11.76461361234856,7.216855429713524,1.6988674217188542,4.255508056560342,38.975513832893945
2018-04-01,2018-04,MS,43,43,7053.14,1177.29,164.02651162790698,16.691714612215268,16.3953488372093,6.976744186046512,4.0,0.6081876278759598
2018-04-01,2018-04,SE,14,14,3713.74,503.32,265.26714285714286,13.552914312795188,29.307692307692307,46.15384615384615,2.7142857142857144,0.3202333600563816
2018-04-01,2018-04,PR,386,383,77118.90,10480.84,199.789896373057,13.590494677698983,10.10236220472441,1.3123359580052494,4.275324675324676,6.649912075388176
2018-04-01,2018-04,MG,786,780,130586.46,19109.98,166.14053435114505,14.633967411322736,11.034704370179949,2.442159383033419,4.20434227330779,11.260384642885143
2018-04-01,2018-04,PB,31,30,5783.44,1370.30,186.5625806451613,23.693511128325014,23.785714285714285,21.428571428571427,3.4838709677419355,0.4987022311428585
2018-04-01,2018-04,PE,114,113,22240.47,4577.86,195.09184210526317,20.583467885345947,20.6,13.636363636363637,3.669642857142857,1.9177811148150254
2018-04-01,2018-04,GO,136,134,22526.54,3439.10,168.10850746268656,15.266880754878468,15.219696969696969,4.545454545454546,4.223880597014926,1.9424487429503632
2018-04-01,2018-04,ES,142,142,20181.64,3639.07,142.12422535211266,18.031587125724172,17.521428571428572,15.714285714285714,3.935251798561151,1.740249556686325
2018-04-01,2018-04,AM,6,6,893.49,225.70,148.915,25.260495360888203,26.5,0.0,4.666666666666667,0.077045055624997
2018-04-01,2018-04,RS,349,347,61424.89,8924.65,176.00255014326646,14.529370748567885,13.295652173913043,3.4782608695652173,4.247126436781609,5.2966279049674
2018-04-01,2018-04,RN,32,32,7518.84,1517.10,234.96375,20.17731458576057,27.3125,31.25,3.3870967741935485,0.6483446328839186
2017-11-01,2017-11,MG,943,935,155906.04,21617.39,167.28115879828326,13.86565267131408,14.295010845986985,7.158351409978308,4.108021390374332,13.221970379405048
2017-11-01,2017-11,CE,108,108,22531.79,3876.35,208.6276851851852,17.20391500187069,24.941747572815533,26.21359223300971,3.392523364485981,1.910860284662319
2017-11-01,2017-11,DF,168,165,31706.91,3947.07,195.72166666666666,12.448611359479685,15.02547770700637,11.464968152866241,3.7738095238095237,2.6889774433528153
2017-11-01,2017-11,MA,56,55,12454.04,2451.55,226.43709090909093,19.684776988029586,30.32075471698113,52.83018867924528,3.0727272727272728,1.0561935123483712
2017-11-01,2017-11,RO,17,17,7057.47,1205.31,415.1452941176471,17.0784998023371,17.058823529411764,0.0,3.9411764705882355,0.5985249788496954
2017-11-01,2017-11,PE,126,123,24319.14,4660.90,193.0090476190476,19.165562598019502,19.344,12.0,3.768,2.0624406131578
2017-11-01,2017-11,PB,30,30,5941.99,1374.60,204.89620689655172,23.133663974527053,23.85185185185185,18.51851851851852,3.3793103448275863,0.5039241313211534
2017-11-01,2017-11,SP,3012,2953,411642.89,51391.00,138.55364860316394,12.484364785214678,10.605935127674258,6.967919972404277,4.049715433545363,34.91032225866741
2017-11-01,2017-11,AC,5,5,945.16,295.24,189.03199999999998,31.237039231452876,24.0,20.0,3.6,0.08015646811245078
2017-11-01,2017-11,RN,44,44,10050.30,1581.00,233.72790697674418,15.73087370526253,20.73170731707317,19.51219512195122,3.477272727272727,0.8523388119160397
2017-11-01,2017-11,PI,31,31,3805.39,1097.58,122.75451612903225,28.84277301406689,26.774193548387096,48.38709677419355,3.2903225806451615,0.32272485313644156
2017-11-01,2017-11,RR,2,2,151.46,52.82,75.73,34.87389409745147,34.0,50.0,3.0,0.012844913729222349
2017-11-01,2017-11,PA,70,70,14431.58,2727.15,206.16542857142858,18.89709927811092,26.3768115942029,14.492753623188406,3.4927536231884058,1.2239033413202869
2017-11-01,2017-11,AP,4,4,689.17,177.29,172.2925,25.7251476413657,28.0,0.0,4.5,0.05844664726507438
2017-11-01,2017-11,TO,17,17,3078.92,742.86,181.1129411764706,24.127291387889258,19.58823529411765,17.647058823529413,4.0588235294117645,0.2611148935638272
2017-11-01,2017-11,BA,250,242,35846.73,6708.84,146.3131836734694,18.715347257615964,20.325102880658438,14.814814814814815,3.8326612903225805,3.0400644019855187
2017-11-01,2017-11,RJ,1048,1030,175527.24,24987.85,168.7761923076923,14.235881564593623,19.129446640316207,25.988142292490117,3.5990384615384614,14.885991383391696
2017-11-01,2017-11,MT,74,74,13430.37,1998.67,181.4914864864865,14.881719565432672,20.095890410958905,12.32876712328767,3.9594594594594597,1.1389934240164794
2017-11-01,2017-11,AL,26,26,7441.47,1505.21,286.2103846153846,20.227320677231784,23.076923076923077,19.23076923076923,4.038461538461538,0.6310909822302669
2017-11-01,2017-11,SE,27,26,6613.39,1034.14,254.36115384615385,15.637063593709126,26.26923076923077,26.923076923076923,3.3703703703703702,0.5608637528568717
2017-11-01,2017-11,RS,422,418,68727.49,10027.61,164.81412470023983,14.590391704978604,18.889975550122248,12.71393643031785,3.795942720763723,5.828592894995324
2017-11-01,2017-11,PR,378,373,55473.03,8619.54,149.52299191374664,15.538253453975743,14.575342465753424,8.767123287671232,4.046666666666667,4.7045179232045635
2017-11-01,2017-11,MS,46,46,7416.47,1166.69,161.22760869565218,15.731068823847464,16.068181818181817,9.090909090909092,4.086956521739131,0.628970799718511
2017-11-01,2017-11,ES,170,169,28879.93,4577.68,169.88194117647058,15.85073094013732,17.261904761904763,20.238095238095237,3.7664670658682633,2.4492289010694597
2017-11-01,2017-11,GO,157,155,25076.24,3997.05,160.74512820512822,15.939590624431732,18.431372549019606,13.071895424836601,3.9934640522875817,2.1266482203438177
2017-11-01,2017-11,AM,10,10,3001.01,365.76,300.101,12.187896741430384,34.3,0.0,4.7,0.25450755678419096
2017-11-01,2017-11,SC,303,302,46998.15,6685.25,157.71191275167786,14.224496070590012,17.54513888888889,14.930555555555555,3.8033333333333332,3.9857862285953476
2018-06-01,2018-06,BA,201,197,42410.22,7310.74,210.99611940298507,17.238156274596076,18.0,5.555555555555555,4.06,4.146980467764649
2018-06-01,2018-06,MS,49,48,10765.75,1878.50,219.7091836734694,17.448854004597916,11.959183673469388,2.0408163265306123,4.375,1.0527027440753025
2018-06-01,2018-06,SE,28,28,5091.96,1242.87,181.8557142857143,24.40847924964061,14.72,0.0,4.107142857142857,0.49790495457554534
2018-06-01,2018-06,TO,18,18,4987.03,937.61,277.0572222222222,18.80096971544186,14.11111111111111,0.0,4.055555555555555,0.48764462910487943
2018-06-01,2018-06,RJ,716,712,122261.79,19463.22,170.75668994413408,15.919299071279752,10.472418670438472,1.272984441301273,4.208157524613221,11.955072505729595
2018-06-01,2018-06,SP,2773,2757,395883.59,52055.02,142.9698772119899,13.149072433136215,6.444241316270567,0.7304601899196493,4.301518438177874,38.71051636229543
2018-06-01,2018-06,DF,150,150,23704.42,3718.99,158.02946666666665,15.689014960079176,9.054421768707483,0.6802721088435374,4.328859060402684,2.317879198450037
2018-06-01,2018-06,MG,717,708,125773.31,19694.70,175.4160529986053,15.658886611157804,8.46498599439776,0.1400560224089636,4.333333333333333,12.298437969341077
2018-06-01,2018-06,MA,42,42,7964.57,1985.09,189.63261904761904,24.924007196873152,19.902439024390244,12.195121951219512,3.9523809523809526,0.7787961539493145
2018-06-01,2018-06,ES,124,124,20716.40,3563.44,167.0677419354839,17.20105809889749,13.65040650406504,4.065040650406504,4.07258064516129,2.0257029122319947
2018-06-01,2018-06,GO,105,105,17381.31,3023.25,165.53628571428573,17.39368321490152,11.885714285714286,0.9523809523809523,4.257142857142857,1.6995892281191274
2018-06-01,2018-06,AM,7,7,1211.14,286.42,173.02,23.648793698498935,18.428571428571427,0.0,4.0,0.11842838645327654
2018-06-01,2018-06,PA,54,54,11950.55,2592.34,221.30648148148146,21.69222337047249,17.85185185185185,0.0,4.425925925925926,1.1685555375342271
2018-06-01,2018-06,MT,58,58,13008.55,2673.26,224.2853448275862,20.550022869574242,14.637931034482758,1.7241379310344827,4.175438596491228,1.2720095006330983
2018-06-01,2018-06,AL,24,24,4852.93,1122.33,202.20541666666668,23.126853261843873,20.541666666666668,0.0,4.583333333333333,0.4745319859559583
2018-06-01,2018-06,PI,29,29,5999.96,1154.26,206.8951724137931,19.23779491863279,22.82758620689655,31.03448275862069,3.689655172413793,0.5866915316017975
2018-06-01,2018-06,RS,305,305,53080.68,8986.85,174.6075,16.930547988458326,11.973684210526315,1.3157894736842106,4.391447368421052,5.190365510380887
2018-06-01,2018-06,CE,74,74,20097.45,3547.84,271.58716216216214,17.653184856785312,15.152777777777779,0.0,4.283783783783784,1.9651803881676788
2018-06-01,2018-06,RN,36,36,8490.83,1927.38,235.8563888888889,22.69954762961925,13.714285714285714,0.0,4.277777777777778,0.8302552112464902
2018-06-01,2018-06,AC,3,3,597.26,169.36,199.08666666666667,28.356159796403578,11.666666666666666,0.0,4.666666666666667,0.05840162003821519
2018-06-01,2018-06,PE,94,94,18534.13,3743.40,197.17159574468087,20.197333244128533,12.461538461538462,2.197802197802198,4.473118279569892,1.81231493486737
2018-06-01,2018-06,PB,28,28,14221.13,1227.30,507.8975,8.630115890931313,15.928571428571429,3.5714285714285716,4.071428571428571,1.3905786939926719
2018-06-01,2018-06,RO,12,12,2418.97,497.40,219.9063636363636,20.562470803689177,15.545454545454545,0.0,3.6666666666666665,0.2365331125872173
2018-06-01,2018-06,RR,5,5,1642.41,310.42,328.482,18.90027459647713,18.2,0.0,3.8,0.16059907706353183
2018-06-01,2018-06,AP,2,2,247.92,80.44,123.96,32.4459503065505,17.5,0.0,4.5,0.02424225570082428
2018-06-01,2018-06,PR,308,306,50327.58,8045.82,163.93348534201954,15.986900224489236,8.794117647058824,0.0,4.258169934640523,4.921160306404042
2018-06-01,2018-06,SC,205,203,39055.27,6314.55,190.51351219512193,16.16824054730642,9.93658536585366,0.0,4.278048780487805,3.818924821735768
2017-08-01,2017-08,AC,4,4,765.83,127.90,191.4575,16.70083438883303,17.75,0.0,3.75,0.11461010594659181
2017-08-01,2017-08,PR,223,219,33461.64,4900.19,150.7281081081081,14.644201539434409,9.75,0.0,4.391891891891892,5.00769375128516
2017-08-01,2017-08,RS,299,293,40826.16,6530.92,136.54234113712377,15.99690002684553,15.111486486486486,7.4324324324324325,4.221476510067114,6.109829234937922
2017-08-01,2017-08,CE,73,72,12957.67,2315.01,177.5023287671233,17.865943491383867,15.945205479452055,1.36986301369863,4.506849315068493,1.939177012549749
2017-08-01,2017-08,SC,159,155,26156.76,3804.95,165.54911392405063,14.5467175598201,13.019736842105264,2.6315789473684212,4.110062893081761,3.914483677604135
2017-08-01,2017-08,SP,1729,1690,227350.78,28596.81,133.1873345049795,12.578276617304766,7.341141141141141,2.042042042042042,4.293997668997669,34.02412674201884
2017-08-01,2017-08,MG,469,464,70424.56,10443.26,151.1256652360515,14.829002836510446,10.85838779956427,2.396514161220044,4.283405172413793,10.539370725672946
2017-08-01,2017-08,RN,20,20,3273.35,727.94,163.6675,22.23837964165152,19.45,10.0,4.55,0.4898724133296898
2017-08-01,2017-08,MA,40,39,7786.96,1665.12,199.66564102564104,21.38344103475554,19.07894736842105,5.2631578947368425,3.7125,1.165355641071612
2017-08-01,2017-08,TO,15,15,2518.52,385.95,167.90133333333333,15.324476279719836,14.066666666666666,0.0,4.866666666666666,0.37690850975883733
2017-08-01,2017-08,AP,3,3,384.78,94.99,128.26,24.68683403503301,22.0,0.0,4.333333333333333,0.05758415910336445
2017-08-01,2017-08,AL,18,18,9675.50,703.43,537.5277777777778,7.270218593354349,24.88235294117647,17.647058823529413,3.7777777777777777,1.4479846442242392
2017-08-01,2017-08,MT,38,37,7831.89,1122.44,206.10236842105263,14.331661961544404,15.368421052631579,0.0,4.0,1.1720796295027003
2017-08-01,2017-08,SE,20,20,5657.63,835.94,282.8815,14.775444841744688,17.63157894736842,10.526315789473685,4.1,0.8466912679140491
2017-08-01,2017-08,RJ,562,554,90959.26,12296.66,163.59579136690647,13.518865478896817,12.2756052141527,2.97951582867784,4.184684684684685,13.612486355227126
2017-08-01,2017-08,BA,158,154,33341.66,4420.39,211.02316455696206,13.25785818702488,15.217105263157896,3.289473684210526,4.128205128205129,4.9897381730086865
2017-08-01,2017-08,PA,60,59,17155.53,2390.33,295.78499999999997,13.933291480939383,17.228070175438596,0.0,4.033333333333333,2.5674067493698787
2017-08-01,2017-08,GO,93,88,17330.04,2927.25,188.37,16.891190095348886,13.382022471910112,2.247191011235955,4.054347826086956,2.5935230017871773
2017-08-01,2017-08,ES,95,93,15380.60,2222.29,161.90105263157895,14.448656099241902,13.404255319148936,4.25531914893617,4.178947368421053,2.301780023663411
2017-08-01,2017-08,AM,5,5,1483.41,206.81,296.682,13.941526617725374,23.4,0.0,4.6,0.22199936965414485
2017-08-01,2017-08,PB,16,15,3053.11,728.34,190.819375,23.855675032999137,18.8125,6.25,4.5,0.4569124486721582
2017-08-01,2017-08,MS,24,23,4468.64,627.02,186.19333333333336,14.031562175516488,13.208333333333334,0.0,4.130434782608695,0.6687532531203766
2017-08-01,2017-08,PI,22,22,5707.62,1081.22,259.4372727272727,18.943447531545548,16.95,0.0,3.772727272727273,0.8541725094379775
2017-08-01,2017-08,PE,85,84,15758.78,2684.53,185.39741176470588,17.035138506914876,21.626506024096386,14.457831325301205,3.823529411764706,2.3583764613413316
2017-08-01,2017-08,RO,14,14,2815.97,579.09,201.14071428571427,20.564494650156075,17.5,0.0,4.357142857142857,0.4214233185464452
2017-08-01,2017-08,DF,87,86,11677.95,1814.14,135.79011627906976,15.534747108867565,11.662650602409638,1.2048192771084338,4.241379310344827,1.747660821251455
2018-02-01,2018-02,SE,15,15,5103.10,616.19,340.2066666666667,12.074817267935176,18.266666666666666,13.333333333333334,4.4,0.5170791032234625
2018-02-01,2018-02,MA,56,54,12459.92,2582.11,226.544,20.723327276579624,29.327272727272728,32.72727272727273,3.2857142857142856,1.2625196958390164
2018-02-01,2018-02,BA,214,208,38282.38,6134.87,178.88962616822428,16.025309816160856,23.216346153846153,19.23076923076923,3.5817757009345796,3.8790183848366317
2018-02-01,2018-02,RS,368,353,55181.71,8399.32,149.95029891304347,15.221202822456934,21.170798898071624,13.223140495867769,3.949453551912568,5.591367819783499
2018-02-01,2018-02,CE,88,86,14184.51,3068.99,161.18761363636364,21.63620738397026,30.55952380952381,39.285714285714285,2.9318181818181817,1.4372663107648755
2018-02-01,2018-02,SC,257,255,38110.26,5855.21,148.28894941634243,15.363867892793174,21.708661417322833,24.015748031496063,3.611764705882353,3.8615780730169886
2018-02-01,2018-02,MT,67,66,9847.28,1674.59,146.97432835820896,17.00560967089389,22.17910447761194,11.940298507462687,4.0,0.9977901102448193
2018-02-01,2018-02,RJ,922,903,138775.49,20978.99,151.50162663755458,15.117215583241682,23.73265073947668,34.01592718998862,3.2223443223443224,14.061630365581037
2018-02-01,2018-02,TO,21,20,3609.04,759.64,171.85904761904763,21.0482566000931,27.4,45.0,3.142857142857143,0.36569127916317634
2018-02-01,2018-02,AP,2,2,1086.31,78.41,543.155,7.218013274295552,22.5,0.0,4.0,0.1100719563838999
2018-02-01,2018-02,MS,64,64,10126.16,1532.97,158.22125,15.138710034208426,21.234375,20.3125,3.8125,1.0260480358796216
2018-02-01,2018-02,AC,3,3,299.22,97.39,99.74000000000001,32.54795802419624,23.333333333333332,0.0,4.666666666666667,0.030318906011350837
2018-02-01,2018-02,RN,23,22,4131.02,926.15,179.60956521739132,22.419402472028697,20.869565217391305,8.695652173913043,4.391304347826087,0.4185816693770822
2018-02-01,2018-02,PE,125,124,20929.27,3590.54,167.43416,17.155591188799228,20.785123966942148,11.570247933884298,4.016528925619835,2.1206890248518975
2018-02-01,2018-02,PB,35,35,6342.92,1592.12,181.22628571428572,25.100742244896672,19.314285714285713,8.571428571428571,3.857142857142857,0.6427056858415796
2018-02-01,2018-02,RO,14,14,2109.97,530.59,162.3053846153846,25.146803035114246,21.23076923076923,0.0,4.214285714285714,0.21379580949391727
2018-02-01,2018-02,PI,34,34,5964.56,1524.84,175.42823529411766,25.565003956704263,22.75,21.875,3.5,0.6043678030848966
2018-02-01,2018-02,RR,5,5,384.01,184.84,76.80199999999999,48.13416317283404,47.666666666666664,33.333333333333336,2.2,0.03891037730572433
2018-02-01,2018-02,SP,2703,2634,356273.75,43954.77,132.59164495720134,12.337358562060775,11.374620060790274,7.332826747720365,4.010055865921788,36.09996103389314
2018-02-01,2018-02,DF,172,163,24729.25,3523.87,144.6154970760234,14.249805392399688,18.811764705882354,11.764705882352942,3.827485380116959,2.505727579978603
2018-02-01,2018-02,MG,804,786,125213.63,17565.02,156.51703750000001,14.028041515927619,15.677215189873417,8.481012658227849,4.008165829145729,12.687454980649887
2018-02-01,2018-02,PA,58,55,10994.71,2051.10,189.56396551724137,18.65533515663442,29.49122807017544,12.280701754385966,3.789473684210526,1.1140551404052508
2018-02-01,2018-02,GO,149,147,21539.63,3618.63,144.56127516778525,16.799870749868962,20.027397260273972,15.753424657534246,3.7705479452054793,2.1825346483833727
2018-02-01,2018-02,ES,152,150,20412.78,3367.06,135.18397350993376,16.494862532197967,19.322147651006713,12.080536912751677,3.92,2.0683549169520155
2018-02-01,2018-02,AM,8,8,2486.58,457.96,310.8225,18.417263872467405,33.0,12.5,3.25,0.2519563709301008
2018-02-01,2018-02,PR,342,336,52650.65,6976.30,155.77115384615385,13.250168801334835,14.713432835820896,8.955223880597014,4.044117647058823,5.334904447518645
2018-02-01,2018-02,AL,27,27,5680.85,1087.78,210.40185185185186,19.148190851721132,27.333333333333332,37.03703703703704,3.230769230769231,0.5756204706055157
2017-09-01,2017-09,PA,41,41,7731.74,1513.35,188.5790243902439,19.57321379146221,24.073170731707318,12.195121951219512,4.170731707317073,1.0732581480446715
2017-09-01,2017-09,CE,77,75,19706.43,2814.61,255.92766233766235,14.282698591271986,15.202702702702704,2.7027027027027026,4.064935064935065,2.7354885920080028
2017-09-01,2017-09,MG,507,498,84381.51,11541.50,168.42616766467066,13.677759499681862,10.036511156186613,1.0141987829614605,4.295049504950495,11.71316458543781
2017-09-01,2017-09,DF,97,96,15514.66,2194.77,161.61104166666667,14.146426670001148,12.75531914893617,7.446808510638298,4.06701030927835,2.1536206932906103
2017-09-01,2017-09,MA,42,40,11340.69,1821.44,270.0164285714286,16.06110386581416,17.536585365853657,7.317073170731708,4.190476190476191,1.574223647839778
2017-09-01,2017-09,PB,29,29,6860.38,1361.10,245.01357142857142,19.840008862482836,26.48,28.0,3.892857142857143,0.9523029400474801
2017-09-01,2017-09,PE,76,73,17658.39,2580.88,232.34723684210525,14.615601988629768,16.35135135135135,8.108108108108109,4.026666666666666,2.451196101893047
2017-09-01,2017-09,SP,1638,1617,246529.27,28152.94,152.6497027863777,11.419714989623747,8.310279187817258,3.1091370558375635,4.225030826140567,34.22121640911422
2017-09-01,2017-09,PR,183,179,26518.73,3943.15,148.14932960893856,14.869301810456232,11.454545454545455,0.5681818181818182,4.143646408839779,3.6811174519961445
2017-09-01,2017-09,TO,17,16,4399.72,706.59,274.9825,16.059885629085485,19.375,0.0,4.235294117647059,0.6107338502219555
2017-09-01,2017-09,AP,2,2,499.22,134.62,249.61,26.966067064620805,19.5,0.0,5.0,0.06929771728832848
2017-09-01,2017-09,ES,93,88,13314.19,2078.24,143.16333333333333,15.609210924584973,12.688172043010752,4.301075268817204,4.195652173913044,1.8481690928710595
2017-09-01,2017-09,GO,88,86,16457.69,2483.15,187.01920454545453,15.088083443059142,13.642857142857142,2.380952380952381,4.0852272727272725,2.2845245559852385
2017-09-01,2017-09,AM,9,9,1518.44,355.16,168.71555555555557,23.38979478938911,24.0,0.0,4.125,0.21077766483572274
2017-09-01,2017-09,MS,33,32,5569.48,666.77,174.04625,11.971853745771599,11.6875,0.0,3.9393939393939394,0.7731105534293493
2017-09-01,2017-09,PI,23,23,3911.94,765.58,170.08434782608697,19.57034105840069,16.545454545454547,4.545454545454546,3.9545454545454546,0.5430241419993265
2017-09-01,2017-09,RR,1,1,65.37,25.38,65.37,38.82514915098669,17.0,0.0,4.0,0.009074139215452172
2017-09-01,2017-09,SC,156,154,29452.55,3636.62,190.0164516129032,12.347385880000203,14.287581699346406,7.189542483660131,4.17948717948718,4.0883668188781686
2017-09-01,2017-09,RN,24,23,4180.44,734.50,174.18499999999997,17.56992086957354,21.434782608695652,13.043478260869565,3.625,0.5802951589696325
2017-09-01,2017-09,AC,5,5,2029.23,242.34,405.846,11.942460933457518,26.6,20.0,4.0,0.28168143674731544
2017-09-01,2017-09,RS,278,275,43442.10,6240.05,156.83068592057762,14.364061590024424,13.805860805860807,1.8315018315018314,4.287769784172662,6.030283971418002
2017-09-01,2017-09,SE,16,16,3541.49,726.20,221.343125,20.505493450496825,20.375,12.5,3.9375,0.49160124353880547
2017-09-01,2017-09,MT,35,34,8265.92,1325.01,236.16914285714287,16.029794626611437,15.941176470588236,5.882352941176471,3.9714285714285715,1.1474087321981095
2017-09-01,2017-09,AL,20,20,5191.65,826.36,259.5825,15.917097647183459,31.263157894736842,42.10526315789474,3.45,0.7206632225470746
2017-09-01,2017-09,RJ,609,599,109054.19,14008.71,179.9574092409241,12.845641235792957,12.774957698815566,5.0761421319796955,4.193521594684386,15.138028179415207
2017-09-01,2017-09,BA,170,167,28325.21,4377.91,166.61888235294117,15.455878350063424,18.994011976047904,16.766467065868262,3.988095238095238,3.9318785199161392
2017-09-01,2017-09,RO,16,15,4938.28,740.29,308.6425,14.990847015560075,17.1875,0.0,4.1875,0.6854924308533448
2017-05-01,2017-05,SC,152,151,26951.04,3434.37,179.6736,12.742996188644296,14.479452054794521,4.794520547945205,4.081081081081081,4.59765542269119
2017-05-01,2017-05,AM,10,10,1321.68,248.91,146.85333333333335,18.832849101144,32.875,12.5,3.4,0.22546919224870327
2017-05-01,2017-05,BA,127,124,20296.04,3627.62,162.36832,17.87353592129302,16.915966386554622,3.361344537815126,3.8174603174603177,3.4623598334297045
2017-05-01,2017-05,RJ,488,480,85460.45,10831.64,176.20711340206185,12.674447653856259,11.216738197424892,2.7896995708154506,4.0850622406639,14.578943943095677
2017-05-01,2017-05,AL,27,25,5729.73,956.49,212.2122222222222,16.693456759742606,22.53846153846154,7.6923076923076925,3.8461538461538463,0.9774511189570566
2017-05-01,2017-05,MT,37,36,7680.57,949.46,207.58297297297295,12.36184293613625,15.054054054054054,2.7027027027027026,4.364864864864865,1.3102505250208998
2017-05-01,2017-05,SP,1425,1396,201109.55,24196.87,143.13846975088967,12.031686212812868,9.028613352898018,4.25531914893617,4.153328611898017,34.30785650989665
2017-05-01,2017-05,SE,11,11,1059.53,378.44,96.32090909090908,35.71772389644465,19.90909090909091,0.0,4.636363636363637,0.1807482698257283
2017-05-01,2017-05,DF,64,61,9249.77,1296.49,144.52765625,14.016456625407983,11.75,0.0,4.203125,1.577944865917838
2017-05-01,2017-05,MA,33,33,4505.09,1065.01,136.5178787878788,23.640149253400043,16.516129032258064,0.0,4.121212121212121,0.7685362593878327
2017-05-01,2017-05,PE,68,65,12937.03,2517.33,193.09,19.458330080397122,15.333333333333334,1.5873015873015872,4.088235294117647,2.2069651535903105
2017-05-01,2017-05,PB,18,18,3498.43,599.22,194.35722222222222,17.12825467423959,17.11764705882353,5.882352941176471,3.9444444444444446,0.5968072349121051
2017-05-01,2017-05,RO,9,9,828.88,277.42,103.61,33.46925972396487,16.75,0.0,3.75,0.14140102299429905
2017-05-01,2017-05,CE,62,62,12628.67,2162.40,203.6882258064516,17.122943271144152,16.693548387096776,1.6129032258064515,4.419354838709677,2.154361134370976
2017-05-01,2017-05,RS,208,203,33017.56,4609.80,160.27941747572814,13.961661612790286,11.629268292682926,0.4854368932038835,4.283653846153846,5.632560516330046
2017-05-01,2017-05,AC,8,8,2371.73,277.34,296.46625,11.693573889102048,20.0,0.0,4.125,0.4046002416106902
2017-05-01,2017-05,PR,213,209,36312.10,4542.31,170.4793427230047,12.509080995040222,10.412621359223301,0.970873786407767,4.327014218009479,6.194585569770397
2017-05-01,2017-05,RN,17,17,5582.87,899.31,328.4041176470588,16.1083815313629,15.941176470588236,0.0,4.176470588235294,0.9523978491991391
2017-05-01,2017-05,AP,5,5,1508.84,188.46,301.768,12.490389968452586,18.5,0.0,3.8,0.25739735490628096
2017-05-01,2017-05,ES,94,92,15614.60,2429.87,167.8989247311828,15.561525751540225,12.866666666666667,3.3333333333333335,4.2967032967032965,2.663739520373012
2017-05-01,2017-05,GO,87,85,19028.36,2412.39,221.26000000000002,12.677866090404008,16.06024096385542,3.6144578313253013,4.068965517241379,3.2461026564807938
2017-05-01,2017-05,RR,2,2,317.97,84.86,158.985,26.688052331981,28.5,0.0,4.0,0.05424341675694584
2017-05-01,2017-05,MS,29,26,3958.60,571.26,146.61481481481482,14.430859394735513,12.576923076923077,0.0,4.310344827586207,0.6753089586251716
2017-05-01,2017-05,TO,18,18,2671.87,547.54,148.4372222222222,20.492763495229934,13.058823529411764,0.0,4.0,0.45580198738994526
2017-05-01,2017-05,PA,35,34,6570.70,1166.56,187.7342857142857,17.753968374754592,19.142857142857142,2.857142857142857,4.314285714285714,1.1209146098212537
2017-05-01,2017-05,PI,25,25,6943.69,970.89,277.7476,13.982335040878842,14.434782608695652,0.0,4.28,1.1845440466114328
2017-05-01,2017-05,MG,428,421,59035.60,8877.55,139.23490566037736,15.037621367446084,10.79611650485437,1.6990291262135921,4.063380281690141,10.071052785785929
2018-05-01,2018-05,PB,29,27,5909.59,1049.15,203.77896551724137,17.753346678872816,20.586206896551722,3.4482758620689653,4.517241379310345,0.5139749035169124
2018-05-01,2018-05,AL,19,17,4393.10,736.01,231.21578947368423,16.75377296214518,21.42105263157895,10.526315789473685,4.578947368421052,0.3820811847590354
2018-05-01,2018-05,PA,40,40,9160.55,1704.91,229.01375,18.611437086201157,25.375,12.5,4.051282051282051,0.7967207204580778
2018-05-01,2018-05,PE,106,105,16788.28,3013.35,158.38,17.949128796994096,18.284313725490197,11.764705882352942,3.980952380952381,1.4601274527022874
2018-05-01,2018-05,RR,1,1,171.69,81.79,171.69,47.638185101054226,18.0,0.0,4.0,0.014932398217950602
2018-05-01,2018-05,TO,16,16,3314.33,574.34,207.145625,17.328992586736987,19.0,25.0,3.875,0.2882572973714265
2018-05-01,2018-05,AP,6,6,1189.93,234.25,198.3216666666667,19.686031951459327,23.666666666666668,0.0,4.833333333333333,0.10349180855894903
2018-05-01,2018-05,AC,2,2,1501.42,136.53,750.71,9.093391589295466,21.0,0.0,4.0,0.1305830353101252
2018-05-01,2018-05,PI,31,31,8647.63,1801.93,278.9558064516129,20.83726986469125,20.933333333333334,20.0,3.870967741935484,0.7521105178024122
2018-05-01,2018-05,SC,227,226,41815.09,6083.59,184.2074449339207,14.54879087908217,13.34070796460177,5.3097345132743365,4.3053097345132745,3.636784759738156
2018-05-01,2018-05,CE,74,74,14529.33,2583.82,199.0319178082192,17.783476595273147,21.11111111111111,11.11111111111111,4.232876712328767,1.2636597437242485
2018-05-01,2018-05,RS,351,349,60082.93,9241.48,171.17643874643875,15.381207274678514,13.374285714285714,2.857142857142857,4.305714285714286,5.225594017480638
2018-05-01,2018-05,MS,45,45,11140.71,1159.66,247.5713333333333,10.409210903075298,13.5,9.090909090909092,4.4,0.9689412205178196
2018-05-01,2018-05,BA,241,241,42568.95,7394.51,177.370625,17.370665708221605,20.29113924050633,19.831223628691983,3.7941176470588234,3.702350242413817
2018-05-01,2018-05,RJ,833,825,146648.06,19675.93,176.6844096385542,13.41710896141415,13.16299019607843,6.862745098039215,4.056694813027744,12.754425009085637
2018-05-01,2018-05,AM,9,9,2181.79,369.99,242.42111111111112,16.958094042048042,26.333333333333332,0.0,4.888888888888889,0.18975687056871363
2018-05-01,2018-05,PR,311,310,54483.62,7914.14,175.18848874598072,14.525723511029552,12.227272727272727,7.467532467532467,4.225806451612903,4.7386051033577825
2018-05-01,2018-05,SE,8,8,1320.59,237.41,165.07375,17.977570631308733,19.625,25.0,3.375,0.11485570366732707
2018-05-01,2018-05,GO,139,139,27869.24,3675.00,201.95101449275364,13.186581334833672,13.764705882352942,5.147058823529412,3.9136690647482015,2.423872035130978
2018-05-01,2018-05,ES,134,132,22420.85,3416.02,167.31977611940297,15.235907648461144,15.909090909090908,15.909090909090908,4.106060606060606,1.9500090895505722
2018-05-01,2018-05,RN,22,22,4998.86,765.84,227.2209090909091,15.320293026810115,17.363636363636363,4.545454545454546,4.045454545454546,0.4347659628154496
2018-05-01,2018-05,SP,3207,3173,491377.34,54781.04,153.69951204253988,11.148466878834908,7.953473550031868,4.3339706819630335,4.262210394489668,42.73657240466717
2018-05-01,2018-05,MG,762,759,121532.62,17960.75,160.12202898550723,14.778542583875836,11.952063914780293,9.18774966711052,4.167107001321004,10.570059283073373
2018-05-01,2018-05,DF,144,142,29198.37,3736.88,202.76645833333333,12.798248669360653,11.82857142857143,9.285714285714286,4.188811188811189,2.5394704884097052
2018-05-01,2018-05,MA,32,32,8589.55,1505.51,268.4234375,17.527227852448615,18.6875,6.25,4.03125,0.7470591246607117
2018-05-01,2018-05,MT,67,66,14789.89,2528.04,224.08924242424243,17.093027737190745,16.242424242424242,3.0303030303030303,4.3283582089552235,1.2863214344439713
2018-05-01,2018-05,RO,17,17,3157.51,902.27,185.7358823529412,28.5753647652739,21.058823529411764,0.0,4.176470588235294,0.2746181879967453
2017-12-01,2017-12,PR,270,268,35409.88,5287.05,134.12833333333333,14.931002307830472,14.73076923076923,5.0,4.0,4.100514571739174
2017-12-01,2017-12,ES,113,109,14720.59,2113.94,132.61792792792792,14.360429846901516,19.59259259259259,6.481481481481482,4.063063063063063,1.7046653024409564
2017-12-01,2017-12,MG,691,682,107701.95,14563.64,158.15264317180618,13.522169282914563,14.56203288490284,3.43796711509716,4.042151162790698,12.472039311619355
2017-12-01,2017-12,SP,2357,2327,319730.20,38990.06,136.87080479452055,12.194675385684555,10.138126361655774,3.1372549019607843,4.209974315068493,37.02521285373123
2017-12-01,2017-12,MA,41,40,7542.95,1722.81,183.97439024390243,22.840002916630763,24.325,12.5,3.268292682926829,0.873484360548525
2017-12-01,2017-12,DF,131,131,19932.25,2966.68,152.15458015267177,14.883818936647895,15.255813953488373,4.651162790697675,4.116279069767442,2.308182958331069
2017-12-01,2017-12,PE,103,101,19719.54,3590.93,191.45184466019418,18.210008955584154,21.524752475247524,7.920792079207921,3.9603960396039604,2.283550837167297
2017-12-01,2017-12,SE,20,20,4051.92,904.14,202.596,22.31386601907244,24.4,15.0,4.3,0.46921811097697574
2017-12-01,2017-12,RO,11,10,2410.36,460.78,219.12363636363636,19.11664647604507,21.0,0.0,3.727272727272727,0.2791231233525004
2017-12-01,2017-12,BA,192,189,33565.28,5192.69,174.81916666666666,15.47042062512215,22.329787234042552,12.76595744680851,3.9365079365079363,3.8869072627330414
2017-12-01,2017-12,RJ,783,776,136842.34,18581.80,175.66410783055198,13.578984399126762,21.754691689008045,23.994638069705093,3.4457516339869283,15.846538005801953
2017-12-01,2017-12,AL,14,14,2680.76,456.89,223.39666666666668,17.043301153404258,21.5,0.0,4.214285714285714,0.31043582873863196
2017-12-01,2017-12,MT,50,50,11204.10,1577.90,224.082,14.083237386313938,23.285714285714285,10.204081632653061,3.877551020408163,1.2974507485826803
2017-12-01,2017-12,CE,81,79,13588.75,2472.41,167.76234567901236,18.194535921258392,23.0126582278481,7.594936708860759,4.012345679012346,1.5735966172921427
2017-12-01,2017-12,PA,58,57,12382.40,1962.17,213.4896551724138,15.84644333893268,26.379310344827587,6.896551724137931,3.8771929824561404,1.4338995679483564
2017-12-01,2017-12,RS,283,282,49006.07,6826.32,175.02167857142857,13.92953974885152,20.028776978417266,10.071942446043165,3.956989247311828,5.674972751635137
2017-12-01,2017-12,AC,5,5,1409.58,308.80,281.916,21.907234779154077,21.6,0.0,4.8,0.1632313729962402
2017-12-01,2017-12,RN,30,29,4098.50,930.05,136.61666666666667,22.69244845675247,16.8,6.666666666666667,4.5,0.4746121413648678
2017-12-01,2017-12,AM,6,6,1173.62,144.16,195.60333333333332,12.283362587549634,36.666666666666664,0.0,4.666666666666667,0.13590686869553156
2017-12-01,2017-12,GO,127,125,18604.18,2742.36,146.4896062992126,14.740558304639064,18.392,7.2,3.9682539682539684,2.154390559506514
2017-12-01,2017-12,AP,4,4,770.56,168.66,192.64,21.88797757475083,30.25,0.0,4.0,0.08923194623645542
2017-12-01,2017-12,MS,36,35,6214.50,806.25,172.625,12.9736905623944,19.676470588235293,5.882352941176471,4.152777777777778,0.7196479571823767
2017-12-01,2017-12,SC,193,190,28370.06,4135.17,147.76072916666666,14.575823949614488,17.682291666666668,4.166666666666667,4.125,3.285293382273949
2017-12-01,2017-12,PI,23,23,3508.48,861.56,152.54260869565218,24.55650310105801,20.73913043478261,13.043478260869565,4.434782608695652,0.40628698444206696
2017-12-01,2017-12,TO,14,14,1892.16,435.15,135.15428571428572,22.997526636225267,18.857142857142858,0.0,4.285714285714286,0.2191148247907645
2017-12-01,2017-12,PB,37,37,7016.25,1430.69,189.6283783783784,20.39109210760734,21.405405405405407,10.81081081081081,3.7222222222222223,0.8124917498722103
2018-07-01,2018-07,MG,658,649,114489.36,16861.65,174.52646341463415,14.727700460549347,8.349378881987578,1.2422360248447204,4.252293577981652,10.813859344028135
2018-07-01,2018-07,PR,320,318,56408.28,8955.63,176.82846394984327,15.876445798382791,8.57643312101911,1.910828025477707,4.3584905660377355,5.3279292133221405
2018-07-01,2018-07,GO,115,111,29374.82,4121.02,255.43321739130434,14.029090220808161,12.098214285714286,4.464285714285714,4.113043478260869,2.774538801999981
2018-07-01,2018-07,MA,40,40,8361.39,1905.96,209.03474999999997,22.794774553034845,17.641025641025642,17.94871794871795,3.775,0.7897580646844685
2018-07-01,2018-07,SP,2777,2755,377551.62,51232.43,136.49733188720174,13.569649098578891,6.636430678466077,3.6832412523020257,4.273321234119782,35.66086939249167
2018-07-01,2018-07,AP,6,6,1613.63,262.79,268.93833333333333,16.28564168985455,30.833333333333332,0.0,3.8333333333333335,0.1524121355321064
2018-07-01,2018-07,SC,198,197,37199.87,5996.29,187.87813131313132,16.11911547002718,9.374358974358975,2.051282051282051,4.363636363636363,3.513637964227697
2018-07-01,2018-07,RR,5,5,1960.59,445.89,392.118,22.742643796000184,18.8,0.0,5.0,0.18518353575658142
2018-07-01,2018-07,PI,32,32,8471.11,1537.64,264.7221875,18.15157635776185,15.34375,6.25,4.032258064516129,0.8001214438423813
2018-07-01,2018-07,TO,22,22,3795.09,1181.42,172.5040909090909,31.130223525660785,14.5,4.545454545454546,4.545454545454546,0.3584574973423533
2018-07-01,2018-07,BA,250,247,50805.60,8158.79,203.2224,16.058839970396964,13.510204081632653,6.122448979591836,4.194331983805668,4.798739483642461
2018-07-01,2018-07,RJ,717,708,120112.84,20139.20,167.989986013986,16.76690019151991,9.50287356321839,2.442528735632184,4.24364406779661,11.345013695349126
2018-07-01,2018-07,MS,49,49,8295.34,1484.51,169.29265306122448,17.895710121586337,11.510204081632653,4.081632653061225,4.36734693877551,0.7835194464436726
2018-07-01,2018-07,AC,4,4,1769.95,299.98,442.4875,16.9485013700952,14.0,0.0,4.5,0.16717702279026275
2018-07-01,2018-07,RN,29,29,9679.73,1264.30,333.78379310344826,13.061314726753743,13.03448275862069,0.0,4.407407407407407,0.914279184617413
2018-07-01,2018-07,PE,137,135,30325.35,5843.32,221.3529197080292,19.268763592176185,13.095588235294118,5.882352941176471,4.291970802919708,2.8643191774189636
2018-07-01,2018-07,PB,52,51,20455.11,4797.43,393.3675,23.453454906866792,14.72549019607843,3.9215686274509802,4.096153846153846,1.9320457587204902
2018-07-01,2018-07,RO,16,16,5249.38,745.58,328.08625,14.203201139944145,13.25,0.0,4.375,0.4958194976664592
2018-07-01,2018-07,MT,47,47,12645.66,2046.02,269.05659574468086,16.179622099597808,12.659574468085106,0.0,4.446808510638298,1.1944200627237573
2018-07-01,2018-07,AL,23,23,4825.20,868.97,209.79130434782607,18.00899444582608,23.40909090909091,18.181818181818183,3.8260869565217392,0.4557544395986191
2018-07-01,2018-07,CE,87,86,17266.74,3198.53,198.468275862069,18.524226344984633,12.630952380952381,1.1904761904761905,4.241379310344827,1.6308947634077469
2018-07-01,2018-07,RS,316,313,52981.03,9292.59,168.7293949044586,17.53946648451342,10.334415584415584,1.6233766233766234,4.256329113924051,5.0042152940826545
2018-07-01,2018-07,AM,18,18,2598.41,593.50,144.3561111111111,22.840891160363455,22.22222222222222,0.0,4.0,0.24542752495180467
2018-07-01,2018-07,ES,123,122,33688.27,3541.92,273.8883739837398,10.513807921867167,12.21311475409836,7.377049180327869,4.2727272727272725,3.181956937514916
2018-07-01,2018-07,SE,28,28,5655.15,1212.81,209.45,21.44611548765285,14.461538461538462,7.6923076923076925,4.035714285714286,0.5341456766758126
2018-07-01,2018-07,PA,57,57,15851.64,2655.70,278.098947368421,16.753471565087274,15.228070175438596,5.2631578947368425,4.280701754385965,1.4972343747241679
2018-07-01,2018-07,DF,166,163,27296.87,4576.94,164.43897590361445,16.767270386678035,9.27878787878788,4.242424242424242,4.289156626506024,2.5782702664441595
2017-04-01,2017-04,PR,114,114,18456.13,2498.04,161.89587719298245,13.535015195493312,13.732142857142858,2.6785714285714284,4.192982456140351,4.475056922245512
2017-04-01,2017-04,RN,10,10,1565.25,321.38,156.525,20.532183357291167,19.2,0.0,4.7,0.3795260895726671
2017-04-01,2017-04,MG,275,272,47115.25,5857.79,171.32818181818183,12.432895930723067,11.88345864661654,2.6315789473684212,4.182481751824818,11.424032321826292
2017-04-01,2017-04,SP,908,895,148682.76,16048.26,165.0197114317425,10.793625299933899,12.148911798396334,6.987399770904926,4.055986696230598,36.05110141489945
2017-04-01,2017-04,DF,35,35,8598.36,1070.78,245.6674285714286,12.453305048869783,14.970588235294118,0.0,3.7142857142857144,2.0848439211231673
2017-04-01,2017-04,MA,27,27,3984.91,741.49,153.26576923076922,18.607446592269337,21.24,4.0,4.269230769230769,0.966220929307789
2017-04-01,2017-04,PB,20,20,3562.68,605.31,178.134,16.990299437502106,26.85,15.0,3.4210526315789473,0.8638428422288769
2017-04-01,2017-04,PE,40,40,5385.75,1126.43,134.64375,20.9150071949125,23.0,8.333333333333334,4.125,1.305882534365751
2017-04-01,2017-04,RO,9,9,1327.07,249.49,147.45222222222222,18.800063297339253,20.428571428571427,14.285714285714286,3.6666666666666665,0.3217745968306656
2017-04-01,2017-04,SC,105,105,13994.76,2232.66,133.28342857142857,15.953542611663222,16.49,9.0,4.066666666666666,3.393308760458699
2017-04-01,2017-04,PI,13,13,2855.03,358.10,219.61769230769232,12.54277538239528,13.272727272727273,0.0,4.166666666666667,0.6922589819598478
2017-04-01,2017-04,RR,2,2,106.89,57.94,53.445,54.20525774160352,22.5,0.0,3.5,0.025917612978388363
2017-04-01,2017-04,TO,14,14,3814.47,621.63,272.46214285714285,16.296628365146404,22.615384615384617,15.384615384615385,4.214285714285714,0.9248943509932928
2017-04-01,2017-04,PA,36,34,6108.21,1332.06,169.6725,21.80769816361913,17.97222222222222,0.0,4.194444444444445,1.4810573745974513
2017-04-01,2017-04,RJ,338,331,65036.56,7146.72,194.72023952095807,10.988773083939249,14.347692307692308,6.461538461538462,4.059701492537314,15.769411465298283
2017-04-01,2017-04,BA,93,93,21483.40,2801.58,233.51521739130436,13.04067326400849,28.654761904761905,14.285714285714286,3.8222222222222224,5.209078928430242
2017-04-01,2017-04,MT,27,26,4521.73,797.23,167.47148148148148,17.631083678149736,21.8,8.0,3.814814814814815,1.0963836479817384
2017-04-01,2017-04,ES,46,46,6452.68,977.48,140.27565217391304,15.148434448942144,13.577777777777778,4.444444444444445,3.9239130434782608,1.5645809983477128
2017-04-01,2017-04,GO,41,40,6577.33,1081.60,160.42268292682925,16.444362682121774,19.657894736842106,7.894736842105263,3.731707317073171,1.5948048776419042
2017-04-01,2017-04,AM,13,13,1176.23,339.85,90.47923076923077,28.893158650944116,20.76923076923077,0.0,4.538461538461538,0.28520042954036623
2017-04-01,2017-04,MS,15,15,2208.44,304.38,147.22933333333333,13.782579558421329,15.266666666666667,6.666666666666667,4.466666666666667,0.5354803368508934
2017-04-01,2017-04,AL,23,22,5375.17,657.15,233.70304347826087,12.225659839595771,31.047619047619047,38.095238095238095,3.0,1.3033172022924855
2017-04-01,2017-04,CE,43,43,6973.49,1213.76,162.17418604651164,17.405345099799383,29.071428571428573,11.904761904761905,3.9767441860465116,1.6908617731187339
2017-04-01,2017-04,RS,139,135,22368.11,3119.87,160.921654676259,13.947848074781463,14.5,2.272727272727273,4.043165467625899,5.423594518084185
2017-04-01,2017-04,AC,5,5,1351.51,189.13,270.302,13.993977107087629,26.0,0.0,3.2,0.32770056241389894
2017-04-01,2017-04,SE,13,13,3340.07,744.90,256.92846153846153,22.3019278039083,29.46153846153846,30.76923076923077,3.8333333333333335,0.8098666066117094
2017-07-01,2017-07,CE,53,52,9833.21,2073.69,185.53226415094338,21.08863738290955,16.69811320754717,0.0,4.320754716981132,1.6809721469906522
2017-07-01,2017-07,AL,17,16,3013.45,677.36,177.26176470588234,22.47789078962651,31.066666666666666,46.666666666666664,3.3125,0.5151446492395648
2017-07-01,2017-07,MS,25,23,4305.84,582.90,172.2336,13.537428236999052,13.541666666666666,0.0,4.22,0.7360767347995446
2017-07-01,2017-07,PR,203,199,29120.86,4551.86,147.82162436548225,15.630925735022934,10.717948717948717,0.5128205128205128,4.438118811881188,4.978166291212555
2017-07-01,2017-07,SC,158,152,22873.87,3394.97,144.77132911392405,14.84213209220827,13.0,4.605263157894737,4.2974683544303796,3.910252945262541
2017-07-01,2017-07,GO,77,77,10576.97,1653.78,137.36324675324676,15.635668816305616,14.415584415584416,3.896103896103896,4.441558441558442,1.8081167766737127
2017-07-01,2017-07,ES,83,83,8957.26,1738.16,109.23487804878049,19.405041273782384,14.679012345679013,3.7037037037037037,3.962962962962963,1.5312298398339392
2017-07-01,2017-07,RS,249,243,35204.09,5857.13,143.1060569105691,16.637640683227435,13.289256198347108,2.479338842975207,4.221774193548387,6.018085116676259
2017-07-01,2017-07,SP,1604,1566,211792.37,27077.82,133.87634007585334,12.785078140444813,7.902138690861957,1.814646791963707,4.20491118077325,36.205580366445815
2017-07-01,2017-07,MG,453,447,64712.73,9945.76,145.42186516853934,15.36909353074735,11.098850574712644,0.9195402298850575,4.128923766816143,11.062541803310047
2017-07-01,2017-07,DF,77,77,12837.69,2009.67,171.16920000000002,15.654451852319225,12.64,0.0,4.355263157894737,2.1945833885069503
2017-07-01,2017-07,MA,39,39,7941.34,1460.00,203.62410256410257,18.384806594353094,20.56756756756757,0.0,3.9743589743589745,1.3575598761526244
2017-07-01,2017-07,TO,1,1,126.58,29.08,126.58,22.97361352504345,18.0,0.0,4.0,0.02163865658987012
2017-07-01,2017-07,PA,39,38,6769.96,1310.95,173.58871794871794,19.36422076349048,18.88888888888889,8.333333333333334,3.871794871794872,1.1573142642372976
2017-07-01,2017-07,AC,5,5,794.40,175.71,158.88,22.11858006042296,18.0,0.0,4.4,0.13580145990672163
2017-07-01,2017-07,SE,14,14,1773.19,401.10,136.39923076923077,22.620249381058994,18.846153846153847,0.0,3.7142857142857144,0.30312410711480325
2017-07-01,2017-07,RJ,571,559,91472.07,12853.17,162.7616903914591,14.05146948134004,12.272394881170019,3.1078610603290677,4.118538324420677,15.637009877504827
2017-07-01,2017-07,BA,155,155,23101.60,3812.15,152.99072847682118,16.501670879939052,18.006944444444443,4.861111111111111,4.032679738562091,3.9491830389993963
2017-07-01,2017-07,RR,1,1,225.01,45.11,225.01,20.047997866761477,8.0,0.0,5.0,0.0384651139144152
2017-07-01,2017-07,PI,20,20,2938.77,736.76,146.9385,25.07035256246661,14.9,5.0,4.052631578947368,0.5023782179381625
2017-07-01,2017-07,MT,38,38,11348.93,1060.25,298.656052631579,9.342290418568094,15.45945945945946,0.0,4.378378378378378,1.940082153045305
2017-07-01,2017-07,AP,1,1,292.39,32.49,292.39,11.111871131023634,17.0,0.0,4.0,0.04998362142765148
2017-07-01,2017-07,PE,73,72,12409.38,2528.96,169.99150684931504,20.37942266253431,23.52857142857143,18.571428571428573,3.643835616438356,2.121364451834433
2017-07-01,2017-07,PB,27,26,5991.37,1356.33,221.90259259259258,22.63806107785031,26.653846153846153,19.23076923076923,4.111111111111111,1.024215499548508
2017-07-01,2017-07,RO,11,11,1428.64,344.92,142.864,24.143241124426027,18.4,0.0,4.090909090909091,0.24422381379800956
2017-07-01,2017-07,RN,27,27,4178.25,984.26,154.75,23.556752228803926,23.962962962962962,11.11111111111111,3.962962962962963,0.7142654202609009
2017-07-01,2017-07,AM,5,5,951.40,245.80,190.28,25.83561067899937,18.6,0.0,3.8,0.16264036877549717
