mql_id,first_contact_date,lead_origin_channel,is_won_90d,score_lr,score_gb
SYN-MQL-04537,2018-05-15,organic_search,1,0.2555154447318696,0.20827162103165553
SYN-MQL-04273,2018-05-04,not_recorded,0,0.2514222735574902,0.4964490977203839
SYN-MQL-04738,2018-05-22,organic_search,0,0.243987094630047,0.20827162103165553
SYN-MQL-04957,2018-05-30,organic_search,0,0.24285514012370674,0.2151546832408125
SYN-MQL-04202,2018-05-02,organic_search,0,0.2361121676596007,0.2151546832408125
SYN-MQL-04456,2018-05-11,organic_search,0,0.2333410896913861,0.3627163005727232
SYN-MQL-04523,2018-05-14,direct_traffic,0,0.23304658241626225,0.3458068243523531
SYN-MQL-04786,2018-05-24,organic_search,0,0.2306252917471895,0.16354706405336789
SYN-MQL-04341,2018-05-07,not_recorded,0,0.2306024578957291,0.0560431416326149
SYN-MQL-04903,2018-05-28,paid_search,0,0.22760358816364587,0.3458068243523531
SYN-MQL-04451,2018-05-11,organic_search,1,0.2241347045699049,0.3627163005727232
SYN-MQL-04380,2018-05-09,paid_search,0,0.22136949728977315,0.30303911853784177
SYN-MQL-04746,2018-05-22,direct_traffic,0,0.21956756754739842,0.24513010304179317
SYN-MQL-04777,2018-05-23,organic_search,0,0.21871238692065442,0.2151546832408125
SYN-MQL-04174,2018-05-01,organic_search,0,0.21735548475494842,0.20827162103165553
SYN-MQL-04549,2018-05-15,organic_search,0,0.21526149397123934,0.20827162103165553
SYN-MQL-04711,2018-05-21,organic_search,1,0.2148098158097085,0.1536817434484306
SYN-MQL-04948,2018-05-30,paid_search,0,0.21468477254885482,0.30303911853784177
SYN-MQL-04179,2018-05-01,paid_search,0,0.21426669373289253,0.30303911853784177
SYN-MQL-04580,2018-05-17,not_recorded,0,0.2136505014862527,0.2014486148461579
SYN-MQL-04590,2018-05-17,direct_traffic,0,0.2131992282560234,0.19719451098388652
SYN-MQL-04800,2018-05-24,organic_search,0,0.21266699803111325,0.16354706405336789
SYN-MQL-04405,2018-05-10,direct_traffic,1,0.21199350010005424,0.19719451098388652
SYN-MQL-04309,2018-05-06,not_recorded,0,0.21154655603735245,0.02210819891148365
SYN-MQL-04521,2018-05-14,organic_search,1,0.21124435064445657,0.1536817434484306
SYN-MQL-04688,2018-05-21,unknown,0,0.21120428457487125,0.3080945352705943
SYN-MQL-04574,2018-05-16,paid_search,1,0.2105644117082978,0.30303911853784177
SYN-MQL-04516,2018-05-14,organic_search,0,0.21030590027410817,0.16046129108275095
SYN-MQL-04788,2018-05-24,paid_search,0,0.20991437412529054,0.23989071078314983
SYN-MQL-04334,2018-05-07,organic_search,1,0.20934686884947287,0.16046129108275095
SYN-MQL-04824,2018-05-25,direct_traffic,0,0.2080069256188978,0.4964490977203839
SYN-MQL-04826,2018-05-25,direct_traffic,0,0.2080069256188978,0.4964490977203839
SYN-MQL-04336,2018-05-07,organic_search,0,0.20786755558978848,0.10024005549532622
SYN-MQL-04963,2018-05-31,organic_search,0,0.20660918774299672,0.16354706405336789
SYN-MQL-04890,2018-05-27,organic_search,0,0.20565567676671612,0.027366162917374953
SYN-MQL-04219,2018-05-03,paid_search,0,0.20537236959151486,0.23989071078314983
SYN-MQL-04720,2018-05-22,unknown,0,0.20503685520700163,0.21479232587037342
SYN-MQL-04582,2018-05-17,direct_traffic,0,0.20461176589795224,0.19719451098388652
SYN-MQL-04850,2018-05-26,organic_search,0,0.20430513820307905,0.02587308194503744
SYN-MQL-04706,2018-05-21,unknown,0,0.20355489829946477,0.3080945352705943
SYN-MQL-04709,2018-05-21,unknown,0,0.20355489829946477,0.3080945352705943
SYN-MQL-04781,2018-05-24,direct_traffic,1,0.20346998530633614,0.19719451098388652
SYN-MQL-04364,2018-05-08,unknown,1,0.2027022825213157,0.21479232587037342
SYN-MQL-04914,2018-05-28,unknown,1,0.20245607949708194,0.3080945352705943
SYN-MQL-04621,2018-05-18,paid_search,1,0.2015194800501537,0.5588359659746099
SYN-MQL-04696,2018-05-21,organic_search,0,0.2013848212129292,0.06253550299810394
SYN-MQL-04869,2018-05-26,organic_search,0,0.20103860900539702,0.02587308194503744
SYN-MQL-04255,2018-05-04,organic_search,0,0.1996835308478801,0.3627163005727232
SYN-MQL-04614,2018-05-18,not_recorded,0,0.19963865497538316,0.22561176793780482
SYN-MQL-04942,2018-05-29,unknown,1,0.19937656206299287,0.21479232587037342
SYN-MQL-04703,2018-05-21,direct_traffic,0,0.19934241828709612,0.3458068243523531
SYN-MQL-04218,2018-05-03,direct_traffic,0,0.19893970567434907,0.19719451098388652
SYN-MQL-04730,2018-05-22,organic_search,0,0.19847449875217724,0.0735763707937274
SYN-MQL-04710,2018-05-21,paid_search,0,0.19699182652870226,0.3458068243523531
SYN-MQL-04551,2018-05-15,unknown,0,0.19592341027789067,0.21479232587037342
SYN-MQL-04413,2018-05-10,not_recorded,0,0.1950111629291085,0.08691665584988642
SYN-MQL-04966,2018-05-31,organic_search,0,0.19493712991835438,0.07364014462027649
SYN-MQL-04723,2018-05-22,unknown,0,0.19432843247718845,0.21479232587037342
SYN-MQL-04553,2018-05-15,paid_search,0,0.19352751763293652,0.30303911853784177
SYN-MQL-04950,2018-05-30,organic_search,0,0.19285768183631127,0.07298928920361678
SYN-MQL-04253,2018-05-04,organic_search,1,0.19232468691241741,0.18946649790203499
SYN-MQL-04721,2018-05-22,direct_traffic,0,0.19229405725194476,0.24513010304179317
SYN-MQL-04941,2018-05-29,paid_search,0,0.19223402134826353,0.30303911853784177
SYN-MQL-04649,2018-05-19,not_recorded,0,0.19193569701797208,0.46387805064726956
SYN-MQL-04952,2018-05-30,unknown,0,0.19061239170905603,0.22183050778167554
SYN-MQL-04217,2018-05-03,unknown,0,0.18962474058502232,0.19772651128978216
SYN-MQL-04223,2018-05-03,unknown,0,0.18962474058502232,0.19772651128978216
SYN-MQL-04697,2018-05-21,paid_search,1,0.1881148423950348,0.20245241500246414
SYN-MQL-04974,2018-05-31,unknown,0,0.18749744866679682,0.19772651128978216
SYN-MQL-04421,2018-05-10,paid_search,0,0.18649891130541124,0.23989071078314983
SYN-MQL-04562,2018-05-16,organic_search,0,0.18625788035266125,0.18001448367943967
SYN-MQL-04900,2018-05-28,unknown,0,0.18614370614483539,0.3080945352705943
SYN-MQL-04737,2018-05-22,organic_search,0,0.1856135273576722,0.11005329630537225
SYN-MQL-04584,2018-05-17,direct_traffic,1,0.18536160823096426,0.19719451098388652
SYN-MQL-04429,2018-05-10,organic_search,0,0.1853468269806668,0.04326166172539569
SYN-MQL-04327,2018-05-07,organic_search,0,0.18520937647850047,0.05341212696575059
SYN-MQL-04964,2018-05-31,unknown,0,0.18510795398940152,0.19772651128978216
SYN-MQL-04465,2018-05-12,direct_traffic,1,0.18437355920595086,0.04398401374103004
SYN-MQL-04412,2018-05-10,organic_search,1,0.1837717320892451,0.029263887209993594
SYN-MQL-04911,2018-05-28,paid_search,1,0.1830749072507993,0.13762533606862876
SYN-MQL-04704,2018-05-21,referral,0,0.18282153992586872,0.2044952403475506
SYN-MQL-04934,2018-05-29,direct_traffic,0,0.1819994315859709,0.137781431402454
SYN-MQL-04224,2018-05-03,paid_search,0,0.18165013742359915,0.23989071078314983
SYN-MQL-04810,2018-05-25,direct_traffic,0,0.18149348431235202,0.4964490977203839
SYN-MQL-04812,2018-05-25,paid_search,0,0.1811781715721559,0.5588359659746099
SYN-MQL-04190,2018-05-02,organic_search,0,0.18117299102498885,0.3155329835479405
SYN-MQL-04605,2018-05-17,unknown,0,0.18115428700596192,0.19772651128978216
SYN-MQL-04940,2018-05-29,display,0,0.18073068462588712,0.14112861384095468
SYN-MQL-04743,2018-05-22,display,0,0.17949553579464167,0.14112861384095468
SYN-MQL-04332,2018-05-07,direct_traffic,0,0.17943570599727793,0.13762533606862876
SYN-MQL-04870,2018-05-26,paid_search,0,0.17918520919556133,0.05581363775620283
SYN-MQL-04225,2018-05-03,direct_traffic,1,0.17900430341661644,0.19719451098388652
SYN-MQL-04423,2018-05-10,organic_search,1,0.17863486322752986,0.028647309278943843
SYN-MQL-04633,2018-05-18,unknown,0,0.17858760649762803,0.4964490977203839
SYN-MQL-04176,2018-05-01,paid_search,1,0.1782579971724232,0.11603764705337948
SYN-MQL-04686,2018-05-21,display,0,0.17815681377068573,0.24201471557104395
SYN-MQL-04526,2018-05-14,organic_search,0,0.17763911100184057,0.03865886374635807
SYN-MQL-04902,2018-05-28,direct_traffic,0,0.1774053868488062,0.08722176204001603
SYN-MQL-04591,2018-05-17,organic_search,0,0.17739654861592635,0.02967548445890014
SYN-MQL-04619,2018-05-18,direct_traffic,0,0.1772374777921089,0.4964490977203839
SYN-MQL-04726,2018-05-22,paid_search,0,0.17683813249572464,0.11603764705337948
SYN-MQL-04728,2018-05-22,paid_search,0,0.17683813249572464,0.11603764705337948
SYN-MQL-04813,2018-05-25,not_recorded,0,0.17658434858281713,0.08554411786439263
SYN-MQL-04856,2018-05-26,direct_traffic,0,0.17656753176737186,0.04398401374103004
SYN-MQL-04216,2018-05-03,organic_search,0,0.17611773195659608,0.02967548445890014
SYN-MQL-04759,2018-05-23,organic_search,0,0.17611719121689218,0.09744653577458467
SYN-MQL-04698,2018-05-21,direct_traffic,0,0.175810375793792,0.0893395646201489
SYN-MQL-04953,2018-05-30,paid_search,0,0.17566827427015153,0.17644369742441937
SYN-MQL-04169,2018-05-01,direct_traffic,0,0.17565096651389767,0.08928563308886713
SYN-MQL-04622,2018-05-18,organic_search,0,0.1752938854273741,0.4106356844991153
SYN-MQL-04470,2018-05-12,organic_search,0,0.17515478014187882,0.02587308194503744
SYN-MQL-04740,2018-05-22,direct_traffic,0,0.17472097367863174,0.08928563308886713
SYN-MQL-04565,2018-05-16,direct_traffic,0,0.17471228202881797,0.13675766996143418
SYN-MQL-04524,2018-05-14,referral,0,0.1745592859856212,0.2044952403475506
SYN-MQL-04433,2018-05-11,paid_search,1,0.17441996253184128,0.5588359659746099
SYN-MQL-04877,2018-05-27,paid_search,0,0.17395442590004143,0.05893000105102689
SYN-MQL-04540,2018-05-15,paid_search,0,0.1738329572826973,0.07287220655292084
SYN-MQL-04354,2018-05-08,unknown,0,0.17383141309624447,0.21479232587037342
SYN-MQL-04372,2018-05-08,unknown,0,0.17383141309624447,0.21479232587037342
SYN-MQL-04480,2018-05-12,organic_search,0,0.1732760916457739,0.02587308194503744
SYN-MQL-04345,2018-05-07,display,0,0.17276099589692792,0.24201471557104395
SYN-MQL-04445,2018-05-11,not_recorded,0,0.17219214916931463,0.1954272280118479
SYN-MQL-04748,2018-05-22,direct_traffic,0,0.17178846162646744,0.055447584622857635
SYN-MQL-04531,2018-05-14,referral,0,0.1717263154688438,0.2044952403475506
SYN-MQL-04173,2018-05-01,paid_search,0,0.17169112868877387,0.3057469376557338
SYN-MQL-04193,2018-05-02,direct_traffic,1,0.17139860825362194,0.08858518974686734
SYN-MQL-04947,2018-05-30,paid_search,0,0.17123542873903763,0.11101743393861739
SYN-MQL-04388,2018-05-09,unknown,0,0.17011073875986538,0.22183050778167554
SYN-MQL-04398,2018-05-10,paid_search,0,0.17009497593408918,0.11128203115671052
SYN-MQL-04929,2018-05-29,referral,0,0.16970816001657532,0.12920074526863962
SYN-MQL-04395,2018-05-09,organic_search,0,0.16939667212856596,0.06353412758335364
SYN-MQL-04420,2018-05-10,paid_search,0,0.16926957684513824,0.11128203115671052
SYN-MQL-04406,2018-05-10,organic_search,1,0.16820811458965337,0.15500416890826413
SYN-MQL-04939,2018-05-29,paid_search,0,0.1676264886002097,0.1597690494502645
SYN-MQL-04692,2018-05-21,direct_traffic,0,0.1673449578364611,0.0868549531614827
SYN-MQL-04866,2018-05-26,unknown,0,0.16728095986545963,0.04398401374103004
SYN-MQL-04876,2018-05-26,unknown,0,0.16728095986545963,0.04398401374103004
SYN-MQL-04829,2018-05-25,organic_search,0,0.16722435982699616,0.40394436920028187
SYN-MQL-04322,2018-05-06,direct_traffic,0,0.1670683217508768,0.04647237802467816
SYN-MQL-04761,2018-05-23,paid_search,0,0.16675141884109526,0.07653616244419038
SYN-MQL-04249,2018-05-04,direct_traffic,0,0.16630417665046304,0.28821065099599036
SYN-MQL-04471,2018-05-12,organic_search,0,0.1662489567019135,0.012170697406777804
SYN-MQL-04367,2018-05-08,direct_traffic,0,0.1657445725758713,0.14511692136144289
SYN-MQL-04528,2018-05-14,paid_search,1,0.16549957165244403,0.04620915444169181
SYN-MQL-04719,2018-05-22,paid_search,1,0.16509040457978336,0.20011704855106105
SYN-MQL-04229,2018-05-03,paid_search,0,0.16484722393085127,0.06802235505313312
SYN-MQL-04769,2018-05-23,display,1,0.164695145653922,0.14620246239593732
SYN-MQL-04472,2018-05-12,organic_search,1,0.16467126235103124,0.011880455098717125
SYN-MQL-04625,2018-05-18,organic_search,0,0.16434994130909097,0.28590530225169086
SYN-MQL-04283,2018-05-05,unknown,0,0.16421784638965853,0.04398401374103004
SYN-MQL-04972,2018-05-31,direct_traffic,0,0.16331374229627232,0.05375242310787272
SYN-MQL-04666,2018-05-20,organic_search,0,0.16310652197507475,0.012883500701860387
SYN-MQL-04572,2018-05-16,paid_search,0,0.16285053109425698,0.17903094923762722
SYN-MQL-04206,2018-05-02,direct_traffic,0,0.16267645417516333,0.21142735142976132
SYN-MQL-04899,2018-05-28,display,0,0.162474884124591,0.24201471557104395
SYN-MQL-04803,2018-05-24,paid_search,0,0.16242219252667872,0.047579877933896404
SYN-MQL-04362,2018-05-08,paid_search,0,0.16236854325707215,0.20473441688050617
SYN-MQL-04382,2018-05-09,organic_search,0,0.16234395780983088,0.09392970535632678
SYN-MQL-04578,2018-05-16,paid_search,0,0.16225810619321035,0.17903094923762722
SYN-MQL-04544,2018-05-15,unknown,0,0.1621798425327211,0.1186412528308673
SYN-MQL-04844,2018-05-26,organic_search,0,0.16217117807439776,0.00856171187231742
SYN-MQL-04845,2018-05-26,direct_traffic,0,0.16216850625686613,0.04398401374103004
SYN-MQL-04854,2018-05-26,direct_traffic,1,0.16216850625686613,0.04398401374103004
SYN-MQL-04365,2018-05-08,unknown,0,0.16105402561423754,0.11611038468356272
SYN-MQL-04188,2018-05-02,display,0,0.16097432122091138,0.14620246239593732
SYN-MQL-04527,2018-05-14,unknown,0,0.1609203360504237,0.11850386148491147
SYN-MQL-04908,2018-05-28,direct_traffic,0,0.1606869688452424,0.07690001883775496
SYN-MQL-04272,2018-05-04,display,0,0.16062612372167046,0.33283398430036676
SYN-MQL-04629,2018-05-18,referral,1,0.1604576856996626,0.13821660268752262
SYN-MQL-04205,2018-05-02,paid_search,0,0.160421121448326,0.35783275462776626
SYN-MQL-04226,2018-05-03,organic_search,0,0.16021692769690576,0.10415797430181725
SYN-MQL-04700,2018-05-21,organic_search,0,0.15924218757352404,0.24812776017376398
SYN-MQL-04861,2018-05-26,paid_search,0,0.1585004553531802,0.05581363775620283
SYN-MQL-04567,2018-05-16,paid_search,0,0.15848653203171184,0.290612692574783
SYN-MQL-04586,2018-05-17,direct_traffic,0,0.15848458822283787,0.1997547007356452
SYN-MQL-04486,2018-05-12,unknown,0,0.15842487526992857,0.04398401374103004
SYN-MQL-04585,2018-05-17,display,0,0.1579967245071572,0.11055219211317524
SYN-MQL-04687,2018-05-21,other,0,0.15764534137896152,0.14212058593446344
SYN-MQL-04691,2018-05-21,other,0,0.15764534137896152,0.14212058593446344
SYN-MQL-04855,2018-05-26,not_recorded,0,0.15726038306014364,0.11391891477860443
SYN-MQL-04564,2018-05-16,paid_search,0,0.15713676210316874,0.29654399085800964
SYN-MQL-04497,2018-05-13,organic_search,0,0.15566230760445335,0.009065086777821592
SYN-MQL-04222,2018-05-03,unknown,0,0.1552036589520504,0.0919168771439466
SYN-MQL-04238,2018-05-03,unknown,1,0.1552036589520504,0.0919168771439466
SYN-MQL-04243,2018-05-03,unknown,0,0.1552036589520504,0.0919168771439466
SYN-MQL-04482,2018-05-12,organic_search,0,0.15504934412403648,0.05811198303129785
SYN-MQL-04555,2018-05-15,display,0,0.154009136390404,0.14112861384095468
SYN-MQL-04640,2018-05-19,direct_traffic,0,0.15377484169946445,0.04398401374103004
SYN-MQL-04355,2018-05-08,paid_search,0,0.15362661266536007,0.05824242175840543
SYN-MQL-04928,2018-05-29,paid_search,0,0.15362661266536007,0.05824242175840543
SYN-MQL-04665,2018-05-20,direct_traffic,1,0.1532090610151432,0.04647237802467816
SYN-MQL-04488,2018-05-12,organic_search,0,0.152884026098753,0.05045177038831553
SYN-MQL-04871,2018-05-26,organic_search,0,0.152884026098753,0.05045177038831553
SYN-MQL-04724,2018-05-22,unknown,0,0.15249121443776123,0.04831555885878471
SYN-MQL-04329,2018-05-07,unknown,0,0.15224220542873473,0.08677333103571834
SYN-MQL-04452,2018-05-11,display,0,0.1520325486957896,0.33283398430036676
SYN-MQL-04885,2018-05-27,direct_traffic,0,0.15203173373528053,0.04647237802467816
SYN-MQL-04525,2018-05-14,referral,0,0.15198617019359073,0.2044952403475506
SYN-MQL-04454,2018-05-11,paid_search,0,0.1519382703929441,0.18816875923834459
SYN-MQL-04259,2018-05-04,paid_search,1,0.1513675084902389,0.20200036005530728
SYN-MQL-04841,2018-05-25,direct_traffic,0,0.1512840888629438,0.1767289696462291
SYN-MQL-04431,2018-05-10,organic_search,0,0.15125252548651702,0.1372645662344534
SYN-MQL-04797,2018-05-24,organic_search,0,0.15125252548651702,0.1372645662344534
SYN-MQL-04357,2018-05-08,referral,0,0.15093052850890926,0.12920074526863962
SYN-MQL-04245,2018-05-04,paid_search,1,0.15078725916977448,0.6843463776071516
SYN-MQL-04436,2018-05-11,unknown,1,0.1507762098643188,0.28821065099599036
SYN-MQL-04402,2018-05-10,unknown,0,0.1504339012115508,0.0890736817907697
SYN-MQL-04888,2018-05-27,not_recorded,0,0.15027079361222936,0.21343940133362976
SYN-MQL-04247,2018-05-04,paid_search,0,0.1501971732928681,0.6843463776071516
SYN-MQL-04215,2018-05-03,paid_search,0,0.149974546478064,0.10261200852444545
SYN-MQL-04804,2018-05-24,direct_traffic,0,0.14974945582485608,0.1748630975065795
SYN-MQL-04172,2018-05-01,unknown,0,0.14945907529642358,0.12118394290873637
SYN-MQL-04729,2018-05-22,organic_search,0,0.14874090137673776,0.20753813754126568
SYN-MQL-04767,2018-05-23,display,0,0.14833403345761376,0.14620246239593732
SYN-MQL-04705,2018-05-21,direct_traffic,1,0.1482002169799953,0.28782517107731226
SYN-MQL-04374,2018-05-09,direct_traffic,0,0.14806338453473078,0.08398074691071314
SYN-MQL-04514,2018-05-14,paid_search,0,0.14805517708516883,0.17045463879096984
SYN-MQL-04349,2018-05-07,unknown,0,0.14793972827665947,0.07616896821420958
SYN-MQL-04569,2018-05-16,referral,0,0.14753809215452918,0.1339126256074082
SYN-MQL-04961,2018-05-30,referral,0,0.14753809215452918,0.1339126256074082
SYN-MQL-04343,2018-05-07,referral,0,0.14745924777993985,0.10712548423781199
SYN-MQL-04204,2018-05-02,other,0,0.1473025226885387,0.04993698826548109
SYN-MQL-04823,2018-05-25,unknown,0,0.14725059329256157,0.28821065099599036
SYN-MQL-04716,2018-05-21,direct_traffic,0,0.14702672654168952,0.24849584841358652
SYN-MQL-04819,2018-05-25,other,0,0.14693803839337558,0.23467861528789827
SYN-MQL-04262,2018-05-04,organic_search,0,0.14631635491206996,0.13376914978977647
SYN-MQL-04443,2018-05-11,unknown,0,0.14622275108204985,0.28821065099599036
SYN-MQL-04973,2018-05-31,referral,0,0.14607382106377784,0.054774025894697896
SYN-MQL-04977,2018-05-31,referral,1,0.14607382106377784,0.054774025894697896
SYN-MQL-04910,2018-05-28,other,0,0.14605496208658714,0.14212058593446344
SYN-MQL-04381,2018-05-09,paid_search,0,0.14589218642934645,0.12477114581802537
SYN-MQL-04859,2018-05-26,paid_search,0,0.1456811562674042,0.026061833115530526
SYN-MQL-04806,2018-05-24,unknown,0,0.14532892811790987,0.053923432101707185
SYN-MQL-04300,2018-05-05,paid_search,0,0.14530984922008747,0.026061833115530526
SYN-MQL-04489,2018-05-12,direct_traffic,0,0.14524276404428027,0.02089582614088673
SYN-MQL-04485,2018-05-12,direct_traffic,0,0.14454379233063114,0.020401807557923462
SYN-MQL-04784,2018-05-24,organic_search,0,0.14420271705339469,0.1237326285769525
SYN-MQL-04517,2018-05-14,display,0,0.14408067400926122,0.1419073665683272
SYN-MQL-04252,2018-05-04,unknown,0,0.14406874304569897,0.2832249217793047
SYN-MQL-04930,2018-05-29,referral,0,0.14406510677147746,0.06476350775292027
SYN-MQL-04757,2018-05-23,unknown,0,0.14405378712043293,0.15880376421329936
SYN-MQL-04529,2018-05-14,referral,0,0.14395965620036252,0.10712548423781199
SYN-MQL-04201,2018-05-02,referral,0,0.14368223195664484,0.1339126256074082
SYN-MQL-04927,2018-05-29,display,0,0.14356672454495528,0.07551433992012019
SYN-MQL-04410,2018-05-10,other,0,0.14349177154306217,0.037401115633479
SYN-MQL-04734,2018-05-22,direct_traffic,0,0.14334683553285316,0.1584049502031639
SYN-MQL-04741,2018-05-22,display,0,0.1432599857517642,0.07551433992012019
SYN-MQL-04570,2018-05-16,paid_search,0,0.14291819061291522,0.08453456180368076
SYN-MQL-04293,2018-05-05,direct_traffic,0,0.14273010317133217,0.014738173414016195
SYN-MQL-04359,2018-05-08,paid_search,0,0.14196416284963354,0.05240751472613892
SYN-MQL-04650,2018-05-19,paid_search,1,0.14176990534135056,0.018857196679938133
SYN-MQL-04227,2018-05-03,unknown,0,0.14175761643886906,0.2002918848117198
SYN-MQL-04838,2018-05-25,other,0,0.14145785202684036,0.23467861528789827
SYN-MQL-04545,2018-05-15,display,0,0.14103009086592716,0.07481111507843329
SYN-MQL-04369,2018-05-08,direct_traffic,0,0.1410233800317681,0.08948369896138247
SYN-MQL-04236,2018-05-03,unknown,1,0.14080174435409384,0.04806030283163492
SYN-MQL-04427,2018-05-10,referral,0,0.14077048552082969,0.054774025894697896
SYN-MQL-04702,2018-05-21,display,0,0.14070624278813615,0.08792020427065858
SYN-MQL-04518,2018-05-14,direct_traffic,0,0.1404584719700446,0.2431795479637514
SYN-MQL-04192,2018-05-02,referral,0,0.14040297695244888,0.1339126256074082
SYN-MQL-04727,2018-05-22,display,0,0.1403644670876185,0.07481111507843329
SYN-MQL-04210,2018-05-02,unknown,0,0.1401866690080786,0.18444608584587505
SYN-MQL-04494,2018-05-13,direct_traffic,0,0.14013213645444206,0.02158614936867963
SYN-MQL-04302,2018-05-05,paid_search,0,0.13962760140254174,0.03305568626987613
SYN-MQL-04348,2018-05-07,other,0,0.1391973276982377,0.14212058593446344
SYN-MQL-04793,2018-05-24,referral,0,0.13918547575016155,0.054774025894697896
SYN-MQL-04822,2018-05-25,display,0,0.13917368280549144,0.33283398430036676
SYN-MQL-04896,2018-05-28,unknown,0,0.1390014215465183,0.04098469399731914
SYN-MQL-04522,2018-05-14,direct_traffic,0,0.1389737554956046,0.19642403471851172
SYN-MQL-04916,2018-05-28,direct_traffic,0,0.1389737554956046,0.19642403471851172
SYN-MQL-04203,2018-05-02,display,0,0.13884035117409563,0.07491304527684163
SYN-MQL-04636,2018-05-19,display,0,0.13850665637561432,0.022750838668424297
SYN-MQL-04539,2018-05-15,unknown,0,0.13830762230724028,0.10283857752046416
SYN-MQL-04935,2018-05-29,unknown,0,0.13830762230724028,0.10283857752046416
SYN-MQL-04321,2018-05-06,display,0,0.13823987863608475,0.02406819330946927
SYN-MQL-04713,2018-05-21,other,1,0.13823101377156707,0.14212058593446344
SYN-MQL-04875,2018-05-26,referral,0,0.13818467529668726,0.0074288585910954165
SYN-MQL-04620,2018-05-18,unknown,1,0.13798469214519257,0.12347122507497699
SYN-MQL-04785,2018-05-24,referral,0,0.13776311167493868,0.054774025894697896
SYN-MQL-04641,2018-05-19,organic_search,0,0.13768095297698837,0.09640384217991345
SYN-MQL-04393,2018-05-09,direct_traffic,0,0.1375166076034075,0.12827877479509822
SYN-MQL-04595,2018-05-17,unknown,0,0.1372190144997643,0.2629847174181454
SYN-MQL-04717,2018-05-22,direct_traffic,0,0.13719953888295947,0.08634160280706248
SYN-MQL-04609,2018-05-18,unknown,0,0.1370812680200881,0.5691831159394396
SYN-MQL-04214,2018-05-02,referral,0,0.13705629873269218,0.06424186963414064
SYN-MQL-04976,2018-05-31,display,0,0.13700876720839728,0.11055219211317524
SYN-MQL-04287,2018-05-05,organic_search,0,0.1367939472802026,0.11498845221276029
SYN-MQL-04635,2018-05-19,referral,0,0.1367262110174598,0.0074288585910954165
SYN-MQL-04808,2018-05-25,paid_search,0,0.13644371395971372,0.2106216101138223
SYN-MQL-04560,2018-05-16,display,0,0.1363739287520493,0.07421497045778741
SYN-MQL-04299,2018-05-05,paid_search,0,0.13637182888344354,0.09494334268230771
SYN-MQL-04632,2018-05-18,referral,1,0.13633575141038382,0.13821660268752262
SYN-MQL-04455,2018-05-11,organic_search,0,0.13626061332014192,0.14089420621208967
SYN-MQL-04751,2018-05-23,referral,0,0.13616294321847297,0.06424186963414064
SYN-MQL-04577,2018-05-16,display,0,0.1360519936142279,0.07421497045778741
SYN-MQL-04946,2018-05-30,display,0,0.1360519936142279,0.07421497045778741
SYN-MQL-04239,2018-05-03,referral,0,0.13602097597303855,0.054774025894697896
SYN-MQL-04889,2018-05-27,display,0,0.1356758774109154,0.02406819330946927
SYN-MQL-04512,2018-05-14,referral,0,0.1356187820480851,0.05332817951218554
SYN-MQL-04830,2018-05-25,unknown,0,0.13519498769278374,0.1767289696462291
SYN-MQL-04375,2018-05-09,display,0,0.1347310146607366,0.07781121378003295
SYN-MQL-04552,2018-05-15,organic_search,0,0.1345611702667467,0.12567336516841324
SYN-MQL-04182,2018-05-01,other,0,0.13435994893199263,0.04801607994478366
SYN-MQL-04467,2018-05-12,direct_traffic,0,0.13427728501682198,0.08855300782643849
SYN-MQL-04667,2018-05-20,unknown,0,0.13385036654517526,0.04647237802467816
SYN-MQL-04509,2018-05-13,direct_traffic,0,0.13377190106771022,0.026719837534190865
SYN-MQL-04556,2018-05-15,referral,0,0.13353704930506285,0.04318408908736581
SYN-MQL-04623,2018-05-18,direct_traffic,0,0.1334500045883965,0.199874911534121
SYN-MQL-04937,2018-05-29,other,0,0.1329297273549851,0.04801607994478366
SYN-MQL-04735,2018-05-22,direct_traffic,0,0.13286312040510664,0.06803310158137718
SYN-MQL-04505,2018-05-13,paid_search,0,0.13278272718982356,0.1180211403558837
SYN-MQL-04547,2018-05-15,unknown,0,0.13269558672994397,0.09992596892897913
SYN-MQL-04938,2018-05-29,unknown,0,0.13269558672994397,0.09992596892897913
SYN-MQL-04670,2018-05-20,referral,0,0.13252309427146475,0.007866157283150828
SYN-MQL-04298,2018-05-05,referral,0,0.1324352867439925,0.0074288585910954165
SYN-MQL-04294,2018-05-05,unknown,0,0.132407350586699,0.02089582614088673
SYN-MQL-04295,2018-05-05,unknown,0,0.132407350586699,0.02089582614088673
SYN-MQL-04962,2018-05-30,other,0,0.13228781464337094,0.04993698826548109
SYN-MQL-04376,2018-05-09,unknown,0,0.1322634275304811,0.06254672582765107
SYN-MQL-04744,2018-05-22,other,0,0.13218965328402094,0.04801607994478366
SYN-MQL-04602,2018-05-17,display,1,0.1321576905000927,0.04810282594642428
SYN-MQL-04852,2018-05-26,organic_search,0,0.1319493137516514,0.10901756004157986
SYN-MQL-04745,2018-05-22,referral,1,0.13194256658244005,0.03069697911681699
SYN-MQL-04237,2018-05-03,direct_traffic,0,0.13184155456521301,0.08691665584988642
SYN-MQL-04708,2018-05-21,social,0,0.13183850573869746,0.09583513544501976
SYN-MQL-04284,2018-05-05,direct_traffic,0,0.13176607259233575,0.5742799607226525
SYN-MQL-04319,2018-05-06,direct_traffic,0,0.13163296487184134,0.2615363615744441
SYN-MQL-04390,2018-05-09,unknown,0,0.13150518921309687,0.06254672582765107
SYN-MQL-04353,2018-05-08,social,0,0.13123678499616068,0.07339099502300767
SYN-MQL-04857,2018-05-26,unknown,0,0.1312320321647642,0.02089582614088673
SYN-MQL-04538,2018-05-15,unknown,0,0.13089198409652322,0.0724981601350931
SYN-MQL-04500,2018-05-13,direct_traffic,0,0.13073496377970015,0.11026675630884741
SYN-MQL-04444,2018-05-11,direct_traffic,0,0.1305912233543139,0.23647763711906963
SYN-MQL-04834,2018-05-25,direct_traffic,0,0.1305912233543139,0.23647763711906963
SYN-MQL-04417,2018-05-10,display,0,0.13057719577968047,0.04699645472198627
SYN-MQL-04232,2018-05-03,paid_search,0,0.1302439115941903,0.03995671044806269
SYN-MQL-04825,2018-05-25,referral,0,0.12997710386636874,0.05824351081146608
SYN-MQL-04234,2018-05-03,display,0,0.1299219247792507,0.04699645472198627
SYN-MQL-04342,2018-05-07,social,0,0.129804409247912,0.09583513544501976
SYN-MQL-04782,2018-05-24,referral,0,0.12951813945295537,0.02185688420261599
SYN-MQL-04647,2018-05-19,direct_traffic,0,0.12903653183596214,0.47099771652876476
SYN-MQL-04391,2018-05-09,display,0,0.1288163175707552,0.02860618531113884
SYN-MQL-04768,2018-05-23,social,0,0.12863090515246958,0.07339099502300767
SYN-MQL-04772,2018-05-23,social,0,0.12863090515246958,0.07339099502300767
SYN-MQL-04922,2018-05-28,referral,0,0.12836997345339185,0.04205981195904663
SYN-MQL-04308,2018-05-06,direct_traffic,0,0.12836969512990523,0.09643549252908142
SYN-MQL-04397,2018-05-09,other,0,0.1282631727859767,0.04993698826548109
SYN-MQL-04530,2018-05-14,other,0,0.1282407690438348,0.1139644845872667
SYN-MQL-04874,2018-05-26,unknown,0,0.1280841327645477,0.020401807557923462
SYN-MQL-04731,2018-05-22,social,0,0.12786305813172663,0.07339099502300767
SYN-MQL-04543,2018-05-15,direct_traffic,0,0.12783527582216112,0.11340756942345499
SYN-MQL-04346,2018-05-07,display,0,0.1277759843436908,0.030648127108965514
SYN-MQL-04520,2018-05-14,display,0,0.1277759843436908,0.030648127108965514
SYN-MQL-04820,2018-05-25,display,0,0.1277508884887019,0.17004877649268313
SYN-MQL-04771,2018-05-23,display,0,0.12757054169168458,0.03160873750543854
SYN-MQL-04933,2018-05-29,referral,0,0.1275599391782295,0.06857162887632633
SYN-MQL-04404,2018-05-10,paid_search,0,0.1275412705639466,0.030439212768466537
SYN-MQL-04949,2018-05-30,other,0,0.12679620390385332,0.05301437935692434
SYN-MQL-04558,2018-05-15,other,0,0.12645019601524796,0.03587063530927623
SYN-MQL-04750,2018-05-22,paid_search,0,0.12591686091910362,0.1155969031907017
SYN-MQL-04384,2018-05-09,referral,0,0.12591012941195004,0.033629248838184904
SYN-MQL-04817,2018-05-25,referral,0,0.1254902559725803,0.05824351081146608
SYN-MQL-04690,2018-05-21,unknown,0,0.1253506362209665,0.16407734423928097
SYN-MQL-04642,2018-05-19,unknown,0,0.12531116347237553,0.014738173414016195
SYN-MQL-04542,2018-05-15,other,0,0.12522401362190574,0.03768445570994442
SYN-MQL-04175,2018-05-01,referral,0,0.1251098305537577,0.1164147264633006
SYN-MQL-04361,2018-05-08,unknown,0,0.12475055830903946,0.0625128331619498
SYN-MQL-04184,2018-05-01,display,0,0.12462319488377782,0.07571953101953305
SYN-MQL-04244,2018-05-04,display,1,0.12459822331440266,0.09679947764670284
SYN-MQL-04409,2018-05-10,display,0,0.12450494913369729,0.018803235377214577
SYN-MQL-04199,2018-05-02,display,0,0.12444933455523935,0.10185084869479058
SYN-MQL-04502,2018-05-13,unknown,0,0.1244306508000574,0.02158614936867963
SYN-MQL-04816,2018-05-25,direct_traffic,0,0.12393498967226153,0.09730042493692298
SYN-MQL-04945,2018-05-30,referral,0,0.12373850065229862,0.07987000629730477
SYN-MQL-04554,2018-05-15,display,0,0.12349449917486514,0.04147010928671268
SYN-MQL-04422,2018-05-10,social,0,0.12295399474393785,0.06880405779311104
SYN-MQL-04581,2018-05-17,display,0,0.1224601803601982,0.09542002042123636
SYN-MQL-04186,2018-05-02,referral,0,0.12235573139914363,0.08258031057317522
SYN-MQL-04631,2018-05-18,unknown,1,0.12212135482842114,0.15071830657819754
SYN-MQL-04603,2018-05-17,display,0,0.1220338188723444,0.024829169544351534
SYN-MQL-04320,2018-05-06,organic_search,0,0.12198217005462489,0.10985656897482009
SYN-MQL-04462,2018-05-12,referral,0,0.1217175303451277,0.0074288585910954165
SYN-MQL-04241,2018-05-03,referral,0,0.12168244269720602,0.011148926151616393
SYN-MQL-04212,2018-05-02,referral,0,0.12139674377036225,0.20013521008479274
SYN-MQL-04753,2018-05-23,social,0,0.12135986999129271,0.07339099502300767
SYN-MQL-04568,2018-05-16,other,0,0.12131839692376149,0.03645674161419173
SYN-MQL-04968,2018-05-31,paid_search,0,0.12128765358892941,0.12918434504639079
SYN-MQL-04399,2018-05-10,display,0,0.12116219124759918,0.020110324450858422
SYN-MQL-04853,2018-05-26,display,0,0.12097679924282208,0.022750838668424297
SYN-MQL-04616,2018-05-18,referral,0,0.12093123044504359,0.03322482393604055
SYN-MQL-04415,2018-05-10,display,0,0.12071650786534058,0.020838673578329962
SYN-MQL-04487,2018-05-12,unknown,0,0.12060449415933715,0.10473772829443784
SYN-MQL-04842,2018-05-25,referral,0,0.1205771075209238,0.03322482393604055
SYN-MQL-04383,2018-05-09,unknown,0,0.12055643654008054,0.06293504056295458
SYN-MQL-04980,2018-05-31,other,0,0.12053008807281719,0.02813741937145491
SYN-MQL-04600,2018-05-17,display,0,0.1202639484220553,0.020838673578329962
SYN-MQL-04658,2018-05-20,display,1,0.12025582312468064,0.02406819330946927
SYN-MQL-04519,2018-05-14,paid_search,0,0.12012884382757928,0.1578704508198397
SYN-MQL-04773,2018-05-23,display,0,0.11988995293799375,0.12264896699075588
SYN-MQL-04557,2018-05-15,unknown,0,0.11983016072884364,0.04313908418981567
SYN-MQL-04683,2018-05-21,display,0,0.11967354346166255,0.054434553834301874
SYN-MQL-04661,2018-05-20,unknown,1,0.11965609759696148,0.02589565070521032
SYN-MQL-04583,2018-05-17,paid_search,0,0.11949470917736198,0.12918434504639079
SYN-MQL-04589,2018-05-17,paid_search,0,0.11949470917736198,0.12918434504639079
SYN-MQL-04592,2018-05-17,paid_search,0,0.11949470917736198,0.12918434504639079
SYN-MQL-04881,2018-05-27,other,0,0.11945544101753433,0.014932276678318599
SYN-MQL-04789,2018-05-24,direct_traffic,1,0.11939275998961622,0.13141131296739794
SYN-MQL-04495,2018-05-13,unknown,1,0.11928346938052764,0.026719837534190865
SYN-MQL-04460,2018-05-12,paid_search,0,0.11920269181632408,0.0821415580547952
SYN-MQL-04979,2018-05-31,other,0,0.1191981267935833,0.027862093826119705
SYN-MQL-04411,2018-05-10,referral,0,0.11913312335355102,0.008340413823347362
SYN-MQL-04447,2018-05-11,social,0,0.11906632520213128,0.13447896670390078
SYN-MQL-04448,2018-05-11,unknown,0,0.11899164740615807,0.1629366537159161
SYN-MQL-04463,2018-05-12,referral,0,0.11898393103186408,0.0074288585910954165
SYN-MQL-04936,2018-05-29,other,0,0.11898279728490203,0.010972209313066413
SYN-MQL-04617,2018-05-18,paid_search,0,0.11883503217414847,0.11135995513588784
SYN-MQL-04228,2018-05-03,referral,0,0.11868569868625731,0.008340413823347362
SYN-MQL-04970,2018-05-31,display,0,0.11838000890670906,0.1419409666703911
SYN-MQL-04628,2018-05-18,display,0,0.1183326505804617,0.35828050820246365
SYN-MQL-04401,2018-05-10,referral,0,0.11823124776681292,0.008340413823347362
SYN-MQL-04611,2018-05-18,unknown,1,0.11815374387259163,0.1629366537159161
SYN-MQL-04660,2018-05-20,other,0,0.11806429530175651,0.014932276678318599
SYN-MQL-04637,2018-05-19,unknown,1,0.11793525658948228,0.09912394041851977
SYN-MQL-04921,2018-05-28,unknown,1,0.11789902373198946,0.10440923777313298
SYN-MQL-04503,2018-05-13,other,0,0.11706031995774006,0.014932276678318599
SYN-MQL-04901,2018-05-28,other,0,0.11695447057954875,0.035703431754159486
SYN-MQL-04915,2018-05-28,paid_search,0,0.11694143990181519,0.28399371996082096
SYN-MQL-04191,2018-05-02,referral,1,0.11664325059386096,0.053880676866531904
SYN-MQL-04873,2018-05-26,unknown,0,0.1165020169855286,0.46387805064726956
SYN-MQL-04762,2018-05-23,other,0,0.11641840136471822,0.05045280926446722
SYN-MQL-04764,2018-05-23,other,0,0.11641840136471822,0.05045280926446722
SYN-MQL-04315,2018-05-06,other,1,0.11625436344145343,0.014932276678318599
SYN-MQL-04604,2018-05-17,social,0,0.11617882486882752,0.06880405779311104
SYN-MQL-04344,2018-05-07,social,1,0.11598011350327962,0.09583513544501976
SYN-MQL-04290,2018-05-05,organic_search,0,0.11575755826707737,0.3423584866575972
SYN-MQL-04906,2018-05-28,other_publicities,0,0.11560177317802357,0.19270977588303817
SYN-MQL-04277,2018-05-05,direct_traffic,0,0.11559380865716758,0.1769994267964115
SYN-MQL-04231,2018-05-03,other,0,0.1151041426265921,0.016041238037284203
SYN-MQL-04912,2018-05-28,referral,0,0.11485402367210915,0.21175642172046957
SYN-MQL-04639,2018-05-19,referral,0,0.11456703547218844,0.003249134193458387
SYN-MQL-04756,2018-05-23,other,0,0.11419712362238349,0.012327507747114655
SYN-MQL-04306,2018-05-06,direct_traffic,0,0.11416719463249214,0.18216995638449635
SYN-MQL-04795,2018-05-24,other,0,0.11414458248109337,0.016041238037284203
SYN-MQL-04449,2018-05-11,social,0,0.11369994651696118,0.13447896670390078
SYN-MQL-04815,2018-05-25,direct_traffic,0,0.11363844073166508,0.1954272280118479
SYN-MQL-04426,2018-05-10,display,0,0.11362599616304228,0.11320071112175896
SYN-MQL-04978,2018-05-31,display,0,0.11362599616304228,0.11320071112175896
SYN-MQL-04266,2018-05-04,paid_search,0,0.1135995079991364,0.19235565951366945
SYN-MQL-04254,2018-05-04,unknown,0,0.11355085324744331,0.08004241172409998
SYN-MQL-04534,2018-05-15,display,0,0.11327082399942213,0.05879077743428035
SYN-MQL-04792,2018-05-24,unknown,0,0.11308150640389407,0.04756152473340864
SYN-MQL-04909,2018-05-28,referral,0,0.11307854891669948,0.2380203083444688
SYN-MQL-04535,2018-05-15,referral,0,0.11257111464493827,0.08059059879803547
SYN-MQL-04351,2018-05-07,other_publicities,0,0.11257081140518906,0.19270977588303817
SYN-MQL-04457,2018-05-11,display,0,0.1124161146829628,0.40088224247075865
SYN-MQL-04490,2018-05-12,display,0,0.11221680234708549,0.010683858802877817
SYN-MQL-04513,2018-05-14,referral,1,0.1121465469964476,0.39183763217888656
SYN-MQL-04645,2018-05-19,referral,0,0.11206946904259339,0.003249134193458387
SYN-MQL-04335,2018-05-07,social,0,0.111992348314914,0.09583513544501976
SYN-MQL-04814,2018-05-25,display,0,0.11190483723305336,0.40088224247075865
SYN-MQL-04956,2018-05-30,referral,0,0.1116297293905071,0.04520770858166218
SYN-MQL-04442,2018-05-11,social,0,0.11158402596123614,0.13447896670390078
SYN-MQL-04747,2018-05-22,other,0,0.11151925669641209,0.030287173908000252
SYN-MQL-04250,2018-05-04,other,0,0.11149657641158667,0.1067594197687146
SYN-MQL-04264,2018-05-04,other,0,0.11149657641158667,0.1067594197687146
SYN-MQL-04270,2018-05-04,other,0,0.11149657641158667,0.1067594197687146
SYN-MQL-04296,2018-05-05,display,0,0.11137126879632007,0.010428699741756862
SYN-MQL-04196,2018-05-02,display,0,0.11095984426998699,0.08941730057318625
SYN-MQL-04563,2018-05-16,display,0,0.11095984426998699,0.08941730057318625
SYN-MQL-04439,2018-05-11,display,0,0.11085292095644726,0.2775416011790848
SYN-MQL-04280,2018-05-05,direct_traffic,0,0.11069822502405166,0.09300275579885343
SYN-MQL-04333,2018-05-07,other_publicities,0,0.11064632524539612,0.19270977588303817
SYN-MQL-04337,2018-05-07,other_publicities,0,0.11064632524539612,0.19270977588303817
SYN-MQL-04330,2018-05-07,display,0,0.1106119659696445,0.2508692293848765
SYN-MQL-04752,2018-05-23,social,0,0.1105685529811824,0.07339099502300767
SYN-MQL-04385,2018-05-09,other_publicities,0,0.11012553443958648,0.11035344809469919
SYN-MQL-04765,2018-05-23,other,0,0.11005074100613456,0.1072849897536737
SYN-MQL-04954,2018-05-30,other,0,0.11005074100613456,0.1072849897536737
SYN-MQL-04446,2018-05-11,other,0,0.10994458538836041,0.1067594197687146
SYN-MQL-04168,2018-05-01,social,0,0.10978829982653976,0.07339099502300767
SYN-MQL-04430,2018-05-10,referral,0,0.10974967266741703,0.029319751542720162
SYN-MQL-04326,2018-05-06,referral,1,0.10972858846536652,0.0034412470277456492
SYN-MQL-04307,2018-05-06,paid_search,0,0.10967368280646185,0.03636127457342774
SYN-MQL-04811,2018-05-25,other,0,0.10929818008301806,0.1067594197687146
SYN-MQL-04261,2018-05-04,display,0,0.10919506032579795,0.37571886538149174
SYN-MQL-04843,2018-05-25,display,0,0.10919506032579795,0.37571886538149174
SYN-MQL-04481,2018-05-12,display,0,0.10897993462069014,0.007512413593235761
SYN-MQL-04279,2018-05-05,other,0,0.10893993365495258,0.014107741112604936
SYN-MQL-04766,2018-05-23,social,1,0.10874331943884254,0.07339099502300767
SYN-MQL-04755,2018-05-23,referral,0,0.10873559606703266,0.08844058808566815
SYN-MQL-04207,2018-05-02,other,0,0.10867382862037307,0.049243645065319634
SYN-MQL-04610,2018-05-18,other,0,0.10829865475458218,0.05047898223814607
SYN-MQL-04360,2018-05-08,social,0,0.1081741456850506,0.07339099502300767
SYN-MQL-04776,2018-05-23,referral,0,0.10796106254220525,0.08844058808566815
SYN-MQL-04791,2018-05-24,other_publicities,0,0.10787617240984453,0.08259898737181906
SYN-MQL-04707,2018-05-21,other,1,0.10772163511852201,0.027964104519925162
SYN-MQL-04508,2018-05-13,referral,0,0.10721528396985391,0.0034412470277456492
SYN-MQL-04370,2018-05-08,social,0,0.10689653282757537,0.037880658034690325
SYN-MQL-04805,2018-05-24,other,0,0.10672135053807667,0.008330067550081907
SYN-MQL-04847,2018-05-26,display,0,0.10669846871095073,0.012943991660326719
SYN-MQL-04235,2018-05-03,referral,0,0.10645600368461691,0.0394894596682842
SYN-MQL-04732,2018-05-22,referral,0,0.10641849172102237,0.17653523045879888
SYN-MQL-04944,2018-05-30,other_publicities,0,0.10634127012213404,0.11035344809469919
SYN-MQL-04601,2018-05-17,social,0,0.10600307496453798,0.06880405779311104
SYN-MQL-04435,2018-05-11,referral,0,0.10599880367051692,0.041060077367861644
SYN-MQL-04865,2018-05-26,other,0,0.10588759378971288,0.014107741112604936
SYN-MQL-04170,2018-05-01,display,0,0.1057761554775875,0.05929363074786403
SYN-MQL-04593,2018-05-17,display,0,0.10567363354663649,0.06337390794857013
SYN-MQL-04378,2018-05-09,referral,0,0.10549272032469816,0.1386898854041492
SYN-MQL-04314,2018-05-06,other,0,0.10538775637144059,0.014932276678318599
SYN-MQL-04441,2018-05-11,other,0,0.10505405068199677,0.07774748110198165
SYN-MQL-04425,2018-05-10,social,0,0.10502278673339988,0.06880405779311104
SYN-MQL-04790,2018-05-24,referral,0,0.10501529647249178,0.04513917567235483
SYN-MQL-04256,2018-05-04,referral,0,0.10476765922162516,0.03503293469169203
SYN-MQL-04289,2018-05-05,direct_traffic,0,0.10472839237098637,0.11391891477860443
SYN-MQL-04648,2018-05-19,unknown,0,0.104413139459465,0.11907070541146154
SYN-MQL-04246,2018-05-04,other,0,0.10427543312874113,0.08039205263206568
SYN-MQL-04678,2018-05-20,display,0,0.1040111311720557,0.007954591321360656
SYN-MQL-04275,2018-05-05,referral,0,0.10389611674232425,0.005923473246703112
SYN-MQL-04879,2018-05-27,referral,0,0.10384775938021147,0.002564598965840151
SYN-MQL-04794,2018-05-24,social,0,0.10383072066356157,0.06880405779311104
SYN-MQL-04608,2018-05-18,other_publicities,0,0.10360498602621088,0.04697840702406613
SYN-MQL-04837,2018-05-25,referral,0,0.10347566996475036,0.03503293469169203
SYN-MQL-04689,2018-05-21,other,0,0.10324604658499734,0.24723539773560138
SYN-MQL-04774,2018-05-23,social,0,0.10280535367621522,0.03610369732573005
SYN-MQL-04571,2018-05-16,referral,0,0.10276832873174462,0.18261136678391038
SYN-MQL-04510,2018-05-13,other,0,0.10264260767484855,0.014932276678318599
SYN-MQL-04371,2018-05-08,display,0,0.10231514788323436,0.05400858337187506
SYN-MQL-04926,2018-05-29,display,0,0.10231514788323436,0.05400858337187506
SYN-MQL-04931,2018-05-29,display,0,0.10231514788323436,0.05400858337187506
SYN-MQL-04550,2018-05-15,email,0,0.10217895824952267,0.10229003264302511
SYN-MQL-04932,2018-05-29,other,0,0.1019542562049425,0.027004256880938198
SYN-MQL-04281,2018-05-05,display,0,0.10185395993525805,0.05274057356748188
SYN-MQL-04958,2018-05-30,referral,0,0.10179245258430254,0.15317751201004037
SYN-MQL-04828,2018-05-25,social,0,0.10173583052880511,0.13447896670390078
SYN-MQL-04504,2018-05-13,referral,0,0.10166147567798013,0.005153550430443999
SYN-MQL-04646,2018-05-19,other,0,0.10149451106279775,0.01189988923523322
SYN-MQL-04654,2018-05-19,other,0,0.10149451106279775,0.01189988923523322
SYN-MQL-04883,2018-05-27,paid_search,0,0.10141685414991,0.12280647125999451
SYN-MQL-04624,2018-05-18,referral,0,0.10140780121084547,0.059200057899344155
SYN-MQL-04268,2018-05-04,display,0,0.10128725461923706,0.13258870655341234
SYN-MQL-04453,2018-05-11,display,0,0.10128725461923706,0.13258870655341234
SYN-MQL-04469,2018-05-12,referral,0,0.10128689312919861,0.01359467139419456
SYN-MQL-04663,2018-05-20,organic_search,0,0.10127524528413712,0.16384981095532988
SYN-MQL-04943,2018-05-29,display,0,0.10104998902680484,0.05622305990698601
SYN-MQL-04167,2018-05-01,email,0,0.10083419109368559,0.10229003264302511
SYN-MQL-04775,2018-05-23,social,0,0.10079303690647382,0.03575328916451851
SYN-MQL-04424,2018-05-10,display,0,0.1005785159417947,0.0648939885242534
SYN-MQL-04733,2018-05-22,other,0,0.10046913282959342,0.07046447707956831
SYN-MQL-04920,2018-05-28,referral,0,0.10045822783800967,0.17779469589704422
SYN-MQL-04328,2018-05-07,social,0,0.10037380346244212,0.01929197438592546
SYN-MQL-04350,2018-05-07,email,0,0.1002216666977654,0.1382206256851197
SYN-MQL-04662,2018-05-20,unknown,0,0.10007322738112136,0.09590504547543556
SYN-MQL-04904,2018-05-28,other_publicities,0,0.1000406114869786,0.19270977588303817
SYN-MQL-04440,2018-05-11,display,0,0.09969788026577306,0.14155800987854994
SYN-MQL-04652,2018-05-19,social,1,0.09948813563126827,0.007575320882270291
SYN-MQL-04714,2018-05-21,social,0,0.09935522310908317,0.11012125984616238
SYN-MQL-04310,2018-05-06,unknown,0,0.09929937563213556,0.09590504547543556
SYN-MQL-04323,2018-05-06,unknown,0,0.09929937563213556,0.09590504547543556
SYN-MQL-04923,2018-05-29,other,0,0.09889118361710893,0.07438516425892999
SYN-MQL-04627,2018-05-18,display,0,0.09886386957107687,0.09243027337873469
SYN-MQL-04749,2018-05-22,social,0,0.0987712572895615,0.023353843112118546
SYN-MQL-04536,2018-05-15,other_publicities,0,0.09783913240975997,0.10636871763467236
SYN-MQL-04248,2018-05-04,other_publicities,0,0.09772711045323602,0.04697840702406613
SYN-MQL-04379,2018-05-09,social,0,0.09757012090669832,0.03756140705582806
SYN-MQL-04626,2018-05-18,other_publicities,0,0.09735638324922455,0.04697840702406613
SYN-MQL-04338,2018-05-07,referral,0,0.09732014584651211,0.17779469589704422
SYN-MQL-04368,2018-05-08,other,0,0.09720652894556181,0.04340343753500745
SYN-MQL-04967,2018-05-31,unknown,0,0.09705721367032381,0.028442240536292535
SYN-MQL-04387,2018-05-09,other,0,0.09700088164950789,0.07741117041604004
SYN-MQL-04177,2018-05-01,display,0,0.09682151399772976,0.12198485402590586
SYN-MQL-04340,2018-05-07,social,1,0.09680293787164511,0.023818962164419994
SYN-MQL-04288,2018-05-05,other,0,0.09647476041842475,0.008370526180437944
SYN-MQL-04796,2018-05-24,referral,0,0.09627558391015831,0.11599381045390042
SYN-MQL-04681,2018-05-20,display,0,0.09627246155732742,0.31684846070371103
SYN-MQL-04779,2018-05-23,other,0,0.09624824695735341,0.07741117041604004
SYN-MQL-04358,2018-05-08,other_publicities,0,0.0960984284458275,0.10636871763467236
SYN-MQL-04189,2018-05-02,unknown,0,0.0954532760863932,0.0330174490522007
SYN-MQL-04760,2018-05-23,email,0,0.0954213059321659,0.20128138382717334
SYN-MQL-04891,2018-05-27,referral,0,0.09539824485534454,0.11141384701313774
SYN-MQL-04672,2018-05-20,display,0,0.09494020354424884,0.21904176179097512
SYN-MQL-04428,2018-05-10,email,0,0.09476246418170152,0.15463300354772055
SYN-MQL-04479,2018-05-12,paid_search,0,0.0945495605516184,0.115252858778082
SYN-MQL-04407,2018-05-10,social,0,0.09444658574492427,0.028480537034356813
SYN-MQL-04607,2018-05-18,other,0,0.09422442607559771,0.08503981142386997
SYN-MQL-04221,2018-05-03,email,0,0.09405467318896724,0.15463300354772055
SYN-MQL-04864,2018-05-26,referral,0,0.09405386695000198,0.09575798197056065
SYN-MQL-04951,2018-05-30,referral,1,0.0936296522559081,0.0817085163825399
SYN-MQL-04882,2018-05-27,direct_traffic,0,0.09360928372745546,0.21343940133362976
SYN-MQL-04742,2018-05-22,display,0,0.09353494027177887,0.12198485402590586
SYN-MQL-04712,2018-05-21,social,0,0.09351692941655017,0.020990894084331357
SYN-MQL-04618,2018-05-18,social,0,0.09327938323562739,0.0599844873944038
SYN-MQL-04312,2018-05-06,referral,0,0.09320354956615844,0.06862873698201125
SYN-MQL-04183,2018-05-01,other_publicities,0,0.09294924070940466,0.10636871763467236
SYN-MQL-04541,2018-05-15,other_publicities,0,0.09294924070940466,0.10636871763467236
SYN-MQL-04971,2018-05-31,other,0,0.09291065333287762,0.07717341418880473
SYN-MQL-04643,2018-05-19,referral,0,0.09242062953438404,0.024589785169474954
SYN-MQL-04459,2018-05-12,other,0,0.09233118373836849,0.03675204928939741
SYN-MQL-04918,2018-05-28,email,0,0.09212861101352063,0.1382206256851197
SYN-MQL-04194,2018-05-02,other_publicities,0,0.09212114011876689,0.11035344809469919
SYN-MQL-04476,2018-05-12,display,0,0.09191008479984641,0.09286280271429924
SYN-MQL-04798,2018-05-24,social,0,0.09176313301605325,0.01680054551622304
SYN-MQL-04180,2018-05-01,display,0,0.09170496609928075,0.12198485402590586
SYN-MQL-04240,2018-05-03,other,0,0.09138087351816378,0.059866082426238434
SYN-MQL-04301,2018-05-05,display,0,0.09128674034446055,0.10841016125705162
SYN-MQL-04699,2018-05-21,email,0,0.09106484480397367,0.1382206256851197
SYN-MQL-04598,2018-05-17,email,0,0.0909914252056254,0.15463300354772055
SYN-MQL-04373,2018-05-09,social,0,0.09090799594308119,0.04983796841281645
SYN-MQL-04907,2018-05-28,social,0,0.09071597576423715,0.017922226032439436
SYN-MQL-04722,2018-05-22,social,0,0.09068709207466127,0.036216282325216655
SYN-MQL-04579,2018-05-16,referral,0,0.09068337532327828,0.0817085163825399
SYN-MQL-04220,2018-05-03,other,0,0.09057672909069059,0.04283895590661471
SYN-MQL-04408,2018-05-10,other,0,0.09057672909069059,0.04283895590661471
SYN-MQL-04181,2018-05-01,referral,0,0.09046296296237956,0.07866665940083648
SYN-MQL-04400,2018-05-10,email,0,0.09041160240820226,0.15463300354772055
SYN-MQL-04801,2018-05-24,email,0,0.09041160240820226,0.15463300354772055
SYN-MQL-04783,2018-05-24,display,0,0.09021534934322942,0.1411335047947194
SYN-MQL-04644,2018-05-19,display,0,0.08998757134308004,0.07885762792282325
SYN-MQL-04233,2018-05-03,social,0,0.08968349822934327,0.012469378494496253
SYN-MQL-04832,2018-05-25,other_publicities,0,0.08947051836029585,0.04697840702406613
SYN-MQL-04305,2018-05-06,other,0,0.08945075971076315,0.03884789594503975
SYN-MQL-04403,2018-05-10,referral,0,0.0889915441472981,0.09460349414815393
SYN-MQL-04213,2018-05-02,display,0,0.08850949003632692,0.12275613605351157
SYN-MQL-04848,2018-05-26,other_publicities,0,0.08839276584036901,0.0024441619031267884
SYN-MQL-04694,2018-05-21,other_publicities,0,0.0883434866762767,0.08358132506059972
SYN-MQL-04695,2018-05-21,email,0,0.08832321039248028,0.1382206256851197
SYN-MQL-04171,2018-05-01,social,0,0.08802689155036302,0.030616391379454273
SYN-MQL-04612,2018-05-18,social,0,0.08800851577463355,0.021165400806880216
SYN-MQL-04561,2018-05-16,social,0,0.08792552878939998,0.052363907141472
SYN-MQL-04303,2018-05-05,other,0,0.08772527828792161,0.16814761478200196
SYN-MQL-04588,2018-05-17,other_publicities,0,0.08761045821029254,0.08259898737181906
SYN-MQL-04493,2018-05-13,display,0,0.08748412404860006,0.0990444623412853
SYN-MQL-04638,2018-05-19,other_publicities,0,0.08740652850238903,0.0024441619031267884
SYN-MQL-04975,2018-05-31,social,0,0.08739639572738155,0.012493436064832398
SYN-MQL-04475,2018-05-12,other,0,0.08729599528802134,0.1649093058647293
SYN-MQL-04780,2018-05-24,other_publicities,0,0.08710211151404759,0.08259898737181906
SYN-MQL-04533,2018-05-15,social,0,0.08706612694487331,0.030616391379454273
SYN-MQL-04438,2018-05-11,social,0,0.08685078010890461,0.0217174718174736
SYN-MQL-04274,2018-05-05,referral,0,0.08669441110028511,0.06122947831503152
SYN-MQL-04461,2018-05-12,referral,0,0.08669441110028511,0.06122947831503152
SYN-MQL-04464,2018-05-12,display,1,0.08637447036746085,0.06292029735370597
SYN-MQL-04265,2018-05-04,other_publicities,0,0.08610946621843801,0.04697840702406613
SYN-MQL-04634,2018-05-19,referral,0,0.08595879340418942,0.2034690326352757
SYN-MQL-04450,2018-05-11,other,0,0.08577288476132677,0.09221505170434426
SYN-MQL-04501,2018-05-13,display,0,0.08551285836994911,0.06295645400988296
SYN-MQL-04271,2018-05-04,email,0,0.08512743525224437,0.3967114795768567
SYN-MQL-04924,2018-05-29,other,1,0.0849205989360046,0.04181108384567204
SYN-MQL-04366,2018-05-08,email,0,0.08463254484780415,0.10229003264302511
SYN-MQL-04304,2018-05-05,social,0,0.08462020882093417,0.003528331437225668
SYN-MQL-04596,2018-05-17,referral,0,0.08425017442347364,0.09460349414815393
SYN-MQL-04669,2018-05-20,social,1,0.0840990675460445,0.008021171384056369
SYN-MQL-04878,2018-05-27,social,0,0.08394414744435574,0.008021171384056369
SYN-MQL-04230,2018-05-03,social,0,0.08366063025170974,0.031022123858668864
SYN-MQL-04676,2018-05-20,referral,0,0.0836574479818182,0.0396485166029182
SYN-MQL-04917,2018-05-28,other_publicities,0,0.0835302316614939,0.0619798706304848
SYN-MQL-04898,2018-05-28,email,0,0.08336474647537034,0.09059733121105117
SYN-MQL-04389,2018-05-09,email,0,0.0828113114473284,0.20128138382717334
SYN-MQL-04209,2018-05-02,email,0,0.0825295805641508,0.20128138382717334
SYN-MQL-04496,2018-05-13,other_publicities,0,0.0822181901049599,0.002588802442536472
SYN-MQL-04739,2018-05-22,other,0,0.08173912703295882,0.04181108384567204
SYN-MQL-04483,2018-05-12,social,0,0.08155232896194399,0.003528331437225668
SYN-MQL-04324,2018-05-06,referral,1,0.08144561703379505,0.111294945284738
SYN-MQL-04546,2018-05-15,social,0,0.08086857521077462,0.2586969164352108
SYN-MQL-04969,2018-05-31,other_publicities,0,0.08056043312942307,0.025674083821132836
SYN-MQL-04684,2018-05-21,social,0,0.08014195196535308,0.1460317632651022
SYN-MQL-04799,2018-05-24,other_publicities,0,0.08009157754700402,0.025674083821132836
SYN-MQL-04318,2018-05-06,other,0,0.08008568152928612,0.06764701801269266
SYN-MQL-04200,2018-05-02,social,0,0.07983184167183484,0.22267820597828933
SYN-MQL-04682,2018-05-20,referral,0,0.07983133540264022,0.1035563595785925
SYN-MQL-04414,2018-05-10,other_publicities,0,0.07961192443040932,0.025674083821132836
SYN-MQL-04178,2018-05-01,other_publicities,0,0.07959405060944436,0.11469748452587117
SYN-MQL-04897,2018-05-28,email,0,0.07936620221946805,0.060250543297292215
SYN-MQL-04392,2018-05-09,email,0,0.07932007343890382,0.21160811135962107
SYN-MQL-04884,2018-05-27,display,0,0.07916767647960456,0.050126228329658046
SYN-MQL-04211,2018-05-02,other_publicities,0,0.07897567498070486,0.09318063652398076
SYN-MQL-04587,2018-05-17,other_publicities,0,0.07887094034678116,0.05778063841956612
SYN-MQL-04195,2018-05-02,other,0,0.07886076219852194,0.042099751865447906
SYN-MQL-04566,2018-05-16,other_publicities,0,0.0786767547881808,0.09318063652398076
SYN-MQL-04576,2018-05-16,other_publicities,0,0.0786767547881808,0.09318063652398076
SYN-MQL-04965,2018-05-31,other_publicities,0,0.0786178990335276,0.01726427137507992
SYN-MQL-04347,2018-05-07,social,0,0.07847240170080848,0.026309707101307048
SYN-MQL-04594,2018-05-17,email,0,0.07835210260784947,0.15463300354772055
SYN-MQL-04468,2018-05-12,social,0,0.07771531514389551,0.0053958380427394335
SYN-MQL-04905,2018-05-28,email,0,0.07742211448195505,0.036969706907833494
SYN-MQL-04559,2018-05-15,other_publicities,0,0.0766612771034348,0.034650801670345364
SYN-MQL-04836,2018-05-25,other_publicities,0,0.0765660467389482,0.013224384116874455
SYN-MQL-04655,2018-05-19,social,0,0.07616883849384076,0.00521202367939753
SYN-MQL-04657,2018-05-20,referral,0,0.07616566692359035,0.1821862363655534
SYN-MQL-04925,2018-05-29,email,0,0.07611061913683492,0.0435637659256679
SYN-MQL-04437,2018-05-11,other_publicities,0,0.0758403675475017,0.00860693031672504
SYN-MQL-04679,2018-05-20,other_publicities,0,0.0753005436788125,0.002588802442536472
SYN-MQL-04778,2018-05-23,other_publicities,0,0.07505977737498089,0.10126955791776841
SYN-MQL-04715,2018-05-21,other_publicities,0,0.07439986082450464,0.18139183638830186
SYN-MQL-04208,2018-05-02,other_publicities,0,0.0739473242210185,0.0577161004530142
SYN-MQL-04311,2018-05-06,email,0,0.07379625517727167,0.04965637023559062
SYN-MQL-04673,2018-05-20,social,0,0.07372841756154552,0.004843904282191552
SYN-MQL-04887,2018-05-27,other,0,0.07352108069315026,0.06193129356932376
SYN-MQL-04258,2018-05-04,email,0,0.073181787317778,0.25231178984897423
SYN-MQL-04818,2018-05-25,social,0,0.07317455994366545,0.3035322867698336
SYN-MQL-04867,2018-05-26,other,0,0.07305462465490556,0.07011139902459095
SYN-MQL-04492,2018-05-13,other_publicities,0,0.07295963309379123,0.002588802442536472
SYN-MQL-04507,2018-05-13,other_publicities,0,0.07295963309379123,0.002588802442536472
SYN-MQL-04282,2018-05-05,referral,0,0.07294895931049256,0.1459785333679634
SYN-MQL-04352,2018-05-07,other_publicities,0,0.07275907930739867,0.2772495255116956
SYN-MQL-04860,2018-05-26,social,0,0.07265806407251005,0.09893471229229009
SYN-MQL-04835,2018-05-25,email,0,0.07236591709852125,0.25231178984897423
SYN-MQL-04651,2018-05-19,social,0,0.07200562215444674,0.09893471229229009
SYN-MQL-04892,2018-05-27,other,0,0.07127194026247516,0.05845997729012012
SYN-MQL-04893,2018-05-27,other,0,0.07127194026247516,0.05845997729012012
SYN-MQL-04895,2018-05-27,other,0,0.07127194026247516,0.05845997729012012
SYN-MQL-04419,2018-05-10,social,0,0.07119323394426984,0.05421439909962662
SYN-MQL-04613,2018-05-18,email,0,0.071161546496308,0.25231178984897423
SYN-MQL-04396,2018-05-09,other_publicities,0,0.07107120049610814,0.03706252037711466
SYN-MQL-04187,2018-05-02,email,0,0.07028494413506498,0.18881726952584896
SYN-MQL-04548,2018-05-15,other_publicities,0,0.07017277265658964,0.13099177828927322
SYN-MQL-04386,2018-05-09,other_publicities,0,0.07016218677976685,0.03706252037711466
SYN-MQL-04573,2018-05-16,email,0,0.06975356760506882,0.16199095220073412
SYN-MQL-04506,2018-05-13,other,0,0.06960811478640859,0.0558931653540951
SYN-MQL-04597,2018-05-17,email,0,0.06947154578672184,0.03599666740060882
SYN-MQL-04257,2018-05-04,email,0,0.06929446114067529,0.15757071913906506
SYN-MQL-04484,2018-05-12,other_publicities,0,0.06928709496638517,0.0014016545166238687
SYN-MQL-04285,2018-05-05,other,0,0.06926051689491591,0.14038116670898307
SYN-MQL-04802,2018-05-24,email,0,0.06923931279978188,0.03599666740060882
SYN-MQL-04675,2018-05-20,other_publicities,0,0.0687193606398866,0.001521355839899251
SYN-MQL-04356,2018-05-08,social,0,0.06867310551648007,0.015766689674654243
SYN-MQL-04872,2018-05-26,social,0,0.06835201343836325,0.04114878163033
SYN-MQL-04846,2018-05-26,other_publicities,0,0.06831737940671384,0.0010071261276920428
SYN-MQL-04606,2018-05-17,email,0,0.06827969434764536,0.19750784762265058
SYN-MQL-04693,2018-05-21,email,0,0.0681292444838855,0.008480298071928162
SYN-MQL-04394,2018-05-09,other,0,0.0680974093049413,0.0015729602523641808
SYN-MQL-04960,2018-05-30,other_publicities,0,0.0671297043269757,0.14298762296925654
SYN-MQL-04515,2018-05-14,social,0,0.06698203194767244,0.016451828886416053
SYN-MQL-04807,2018-05-25,email,0,0.06676911109833826,0.10807289552675983
SYN-MQL-04325,2018-05-06,other_publicities,0,0.06663173402824742,0.0014846934056603745
SYN-MQL-04754,2018-05-23,social,0,0.06622166678949022,0.015766689674654243
SYN-MQL-04615,2018-05-18,email,0,0.0660778772860781,0.11839975448352516
SYN-MQL-04736,2018-05-22,other_publicities,0,0.06582878058341346,0.02649012990734718
SYN-MQL-04263,2018-05-04,email,1,0.06560149927477263,0.47853888297666425
SYN-MQL-04821,2018-05-25,social,0,0.06546932746071772,0.008089375612664193
SYN-MQL-04316,2018-05-06,email,0,0.0653278577180753,0.04965637023559062
SYN-MQL-04331,2018-05-07,social,0,0.0653197733239398,0.015827871249151287
SYN-MQL-04919,2018-05-28,email,0,0.06496297354802727,0.03277959181781848
SYN-MQL-04839,2018-05-25,email,0,0.06486162646724328,0.15698950146694504
SYN-MQL-04491,2018-05-12,other_publicities,0,0.06480618230019886,0.00762484523592971
SYN-MQL-04575,2018-05-16,email,0,0.06446740742878079,0.0606532411350358
SYN-MQL-04677,2018-05-20,email,0,0.06416462496620948,0.04965637023559062
SYN-MQL-04685,2018-05-21,email,0,0.06394206489345726,0.03933626394343121
SYN-MQL-04955,2018-05-30,email,0,0.06372640064876434,0.031319674316209675
SYN-MQL-04242,2018-05-03,other_publicities,0,0.06363120631750656,0.0383349337032501
SYN-MQL-04499,2018-05-13,email,0,0.06355206478495826,0.04965637023559062
SYN-MQL-04313,2018-05-06,other_publicities,0,0.06339740067199899,0.001973341183497809
SYN-MQL-04770,2018-05-23,email,0,0.06334346305069306,0.026682526118873045
SYN-MQL-04725,2018-05-22,email,0,0.06310742986416516,0.017128394989247692
SYN-MQL-04959,2018-05-30,other_publicities,0,0.06277890262152597,0.018765649111567813
SYN-MQL-04851,2018-05-26,email,0,0.0626553056162744,0.025354869617945825
SYN-MQL-04363,2018-05-08,email,0,0.06263506904834623,0.017128394989247692
SYN-MQL-04862,2018-05-26,other_publicities,0,0.06189987563192749,0.04877282129550291
SYN-MQL-04432,2018-05-11,other_publicities,0,0.061887156512986936,0.02749094727448965
SYN-MQL-04278,2018-05-05,email,0,0.061525757775471916,0.024758096159498942
SYN-MQL-04339,2018-05-07,email,0,0.06108293008155858,0.01847860319497654
SYN-MQL-04653,2018-05-19,other_publicities,0,0.06070391109383658,0.030236496594420743
SYN-MQL-04251,2018-05-04,social,0,0.06042254096743578,0.020357214054056796
SYN-MQL-04267,2018-05-04,social,0,0.06042254096743578,0.020357214054056796
SYN-MQL-04599,2018-05-17,email,0,0.06030350137363627,0.061735971752672876
SYN-MQL-04880,2018-05-27,other_publicities,0,0.060222692627377096,0.053740399630189256
SYN-MQL-04868,2018-05-26,other_publicities,0,0.060071426076954273,0.04795932493796594
SYN-MQL-04718,2018-05-22,other_publicities,0,0.06002892553128156,0.03256171697403538
SYN-MQL-04630,2018-05-18,social,0,0.05919809021468527,0.020357214054056796
SYN-MQL-04473,2018-05-12,email,0,0.05919624779255663,0.03833053709055398
SYN-MQL-04763,2018-05-23,email,0,0.05841760970835618,0.016757996116237208
SYN-MQL-04849,2018-05-26,email,1,0.058405740026095436,0.031413368046186926
SYN-MQL-04185,2018-05-02,email,0,0.05788505974107716,0.006002963126512161
SYN-MQL-04913,2018-05-28,email,0,0.057615444133035154,0.009680091198465192
SYN-MQL-04198,2018-05-02,email,0,0.05733370039474812,0.0065910405600360525
SYN-MQL-04758,2018-05-23,social,0,0.057076478164042335,0.011894992484179301
SYN-MQL-04701,2018-05-21,email,0,0.05682005562846811,0.013967519958903846
SYN-MQL-04894,2018-05-27,email,0,0.0564931938034291,0.03547183467760631
SYN-MQL-04840,2018-05-25,other_publicities,0,0.05622534764073766,0.003060268351022169
SYN-MQL-04260,2018-05-04,email,0,0.056110645342901014,0.15238432165652893
SYN-MQL-04659,2018-05-20,email,0,0.05610161195564954,0.037814819377588495
SYN-MQL-04680,2018-05-20,email,0,0.055901969966369605,0.04289119061719713
SYN-MQL-04377,2018-05-09,other_publicities,1,0.05582089034899809,0.03536274160899788
SYN-MQL-04458,2018-05-11,email,0,0.0556722106261163,0.1822713595836919
SYN-MQL-04317,2018-05-06,other_publicities,1,0.05555630616238362,0.011092697593459556
SYN-MQL-04498,2018-05-13,email,0,0.05528669360701101,0.13665904331971082
SYN-MQL-04833,2018-05-25,email,0,0.05427429525166251,0.04200130832799301
SYN-MQL-04466,2018-05-12,other_publicities,0,0.0538103737430251,0.004621607350138698
SYN-MQL-04286,2018-05-05,email,0,0.05370031777869096,0.25299537827559904
SYN-MQL-04297,2018-05-05,email,0,0.05370031777869096,0.25299537827559904
SYN-MQL-04269,2018-05-04,email,0,0.05326291430797668,0.018125250336862783
SYN-MQL-04827,2018-05-25,email,0,0.05326291430797668,0.018125250336862783
SYN-MQL-04668,2018-05-20,email,0,0.05253270784539742,0.29927640393810956
SYN-MQL-04416,2018-05-10,email,0,0.052266978440689886,0.00854816752544302
SYN-MQL-04532,2018-05-15,email,0,0.05218681722001224,0.007210510966376059
SYN-MQL-04809,2018-05-25,email,0,0.05217549508638871,0.015961507041778972
SYN-MQL-04664,2018-05-20,social,0,0.05106992364144544,0.022688524980839415
SYN-MQL-04787,2018-05-24,email,0,0.05086848548106326,0.019349082649786922
SYN-MQL-04474,2018-05-12,other_publicities,0,0.05056042284031914,0.0035043290568472244
SYN-MQL-04831,2018-05-25,email,0,0.049711113689917624,0.013881828157822651
SYN-MQL-04863,2018-05-26,other_publicities,0,0.04928416434300518,0.004473395633364338
SYN-MQL-04197,2018-05-02,other_publicities,0,0.04895545354048649,0.10117402828271682
SYN-MQL-04291,2018-05-05,other_publicities,0,0.04859785903144725,0.008959774867819811
SYN-MQL-04671,2018-05-20,email,0,0.04845272995959108,0.12773409771964547
SYN-MQL-04477,2018-05-12,social,0,0.04804294316911919,0.01982140238180838
SYN-MQL-04858,2018-05-26,email,0,0.047986111887047905,0.14876208682212602
SYN-MQL-04418,2018-05-10,email,0,0.04755415177053723,0.020009830911088176
SYN-MQL-04434,2018-05-11,email,0,0.04751737714798496,0.035255342022806946
SYN-MQL-04292,2018-05-05,email,0,0.04666936725956771,0.016452783281113194
SYN-MQL-04656,2018-05-20,email,0,0.04623647940613705,0.10343749904481045
SYN-MQL-04674,2018-05-20,email,0,0.04623647940613705,0.10343749904481045
SYN-MQL-04511,2018-05-13,other_publicities,0,0.046128469390639616,0.007521694027062511
SYN-MQL-04886,2018-05-27,email,0,0.04582692914617014,0.02592878345390813
SYN-MQL-04276,2018-05-05,email,0,0.04292714577526417,0.042764593558305336
SYN-MQL-04478,2018-05-12,email,0,0.040880746774825276,0.042764593558305336
